-- --------------------------------------------------------
-- Host:                         20.188.112.22
-- Server version:               10.1.21-MariaDB - mariadb.org binary distribution
-- Server OS:                    Win32
-- HeidiSQL Version:             12.0.0.6468
-- --------------------------------------------------------

/*!40101 SET @OLD_CHARACTER_SET_CLIENT=@@CHARACTER_SET_CLIENT */;
/*!40101 SET NAMES utf8 */;
/*!50503 SET NAMES utf8mb4 */;
/*!40103 SET @OLD_TIME_ZONE=@@TIME_ZONE */;
/*!40103 SET TIME_ZONE='+00:00' */;
/*!40014 SET @OLD_FOREIGN_KEY_CHECKS=@@FOREIGN_KEY_CHECKS, FOREIGN_KEY_CHECKS=0 */;
/*!40101 SET @OLD_SQL_MODE=@@SQL_MODE, SQL_MODE='NO_AUTO_VALUE_ON_ZERO' */;
/*!40111 SET @OLD_SQL_NOTES=@@SQL_NOTES, SQL_NOTES=0 */;


-- Dumping database structure for app_cancerregistry_staging
CREATE DATABASE IF NOT EXISTS `app_cancerregistry_staging` /*!40100 DEFAULT CHARACTER SET utf8 */;
USE `app_cancerregistry_staging`;

-- Dumping structure for table app_cancerregistry_staging.assessment_detail
CREATE TABLE IF NOT EXISTS `assessment_detail` (
  `id` bigint(20) NOT NULL AUTO_INCREMENT,
  `assessment_header_id` bigint(20) NOT NULL,
  `assement_questionnaires_id` bigint(20) NOT NULL,
  `assessment_questionnaires_value` varchar(300) NOT NULL DEFAULT '',
  `file_path` varchar(300) NOT NULL DEFAULT '0',
  `is_obsolete` tinyint(4) NOT NULL DEFAULT '0',
  `created_by` int(11) NOT NULL,
  `created_date` datetime NOT NULL DEFAULT CURRENT_TIMESTAMP,
  `updated_by` tinyint(4) DEFAULT NULL,
  `updated_date` datetime DEFAULT NULL,
  PRIMARY KEY (`id`)
) ENGINE=InnoDB AUTO_INCREMENT=523 DEFAULT CHARSET=utf8;

-- Dumping data for table app_cancerregistry_staging.assessment_detail: ~522 rows (approximately)
INSERT INTO `assessment_detail` (`id`, `assessment_header_id`, `assement_questionnaires_id`, `assessment_questionnaires_value`, `file_path`, `is_obsolete`, `created_by`, `created_date`, `updated_by`, `updated_date`) VALUES
	(1, 3, 2, 'no', '0', 0, 1, '2023-03-02 13:41:25', NULL, NULL),
	(2, 3, 4, 'no', '0', 0, 1, '2023-03-02 13:41:25', NULL, NULL),
	(3, 3, 6, 'no', '0', 0, 1, '2023-03-02 13:41:25', NULL, NULL),
	(4, 3, 8, 'no', '0', 0, 1, '2023-03-02 13:41:25', NULL, NULL),
	(5, 3, 10, 'no', '0', 0, 1, '2023-03-02 13:41:25', NULL, NULL),
	(6, 3, 12, 'no', '0', 0, 1, '2023-03-02 13:41:25', NULL, NULL),
	(7, 3, 14, 'no', '0', 0, 1, '2023-03-02 13:41:25', NULL, NULL),
	(8, 3, 16, 'no', '0', 0, 1, '2023-03-02 13:41:25', NULL, NULL),
	(9, 3, 18, 'no', '0', 0, 1, '2023-03-02 13:41:25', NULL, NULL),
	(10, 3, 20, 'no', '0', 0, 1, '2023-03-02 13:41:25', NULL, NULL),
	(11, 3, 22, 'no', '0', 0, 1, '2023-03-02 13:41:25', NULL, NULL),
	(12, 3, 1, 'no', '0', 0, 1, '2023-03-02 13:41:25', NULL, NULL),
	(13, 3, 3, 'no', '0', 0, 1, '2023-03-02 13:41:25', NULL, NULL),
	(14, 3, 5, 'no', '0', 0, 1, '2023-03-02 13:41:25', NULL, NULL),
	(15, 3, 7, 'no', '0', 0, 1, '2023-03-02 13:41:25', NULL, NULL),
	(16, 3, 9, 'no', '0', 0, 1, '2023-03-02 13:41:25', NULL, NULL),
	(17, 3, 11, 'no', '0', 0, 1, '2023-03-02 13:41:25', NULL, NULL),
	(18, 3, 13, 'no', '0', 0, 1, '2023-03-02 13:41:25', NULL, NULL),
	(19, 3, 15, 'no', '0', 0, 1, '2023-03-02 13:41:25', NULL, NULL),
	(20, 3, 17, 'no', '0', 0, 1, '2023-03-02 13:41:25', NULL, NULL),
	(21, 3, 19, 'no', '0', 0, 1, '2023-03-02 13:41:25', NULL, NULL),
	(22, 3, 21, 'no', '0', 0, 1, '2023-03-02 13:41:25', NULL, NULL),
	(23, 3, 0, '2', '0', 0, 1, '2023-03-02 13:41:25', NULL, NULL),
	(24, 4, 28, '10', '0', 0, 4, '2023-03-02 17:44:39', NULL, NULL),
	(25, 4, 0, '2', '0', 0, 4, '2023-03-02 17:44:39', NULL, NULL),
	(26, 5, 28, '15', '0', 0, 4, '2023-03-02 17:54:18', NULL, NULL),
	(27, 5, 0, '2', '0', 0, 4, '2023-03-02 17:54:18', NULL, NULL),
	(28, 6, 28, '18', '0', 0, 4, '2023-03-02 17:55:01', NULL, NULL),
	(29, 6, 0, '2', '0', 0, 4, '2023-03-02 17:55:01', NULL, NULL),
	(30, 7, 213, '_7.jpeg', '1', 0, 4, '2023-03-02 17:59:47', NULL, NULL),
	(31, 7, 23, 'KPMC Kajang', '0', 0, 4, '2023-03-02 17:59:47', NULL, NULL),
	(32, 7, 24, 'Doctor', '0', 0, 4, '2023-03-02 17:59:47', NULL, NULL),
	(33, 7, 25, 'A101109099E', '0', 0, 4, '2023-03-02 17:59:47', NULL, NULL),
	(34, 7, 26, 'PathLab', '0', 0, 4, '2023-03-02 17:59:47', NULL, NULL),
	(35, 7, 27, 'no', '0', 0, 4, '2023-03-02 17:59:47', NULL, NULL),
	(36, 7, 167, 'age 12​', '0', 0, 4, '2023-03-02 17:59:47', NULL, NULL),
	(37, 7, 168, 'age 27', '0', 0, 4, '2023-03-02 17:59:47', NULL, NULL),
	(38, 7, 169, '2022-12-01', '0', 0, 4, '2023-03-02 17:59:47', NULL, NULL),
	(39, 7, 171, 'no', '0', 0, 4, '2023-03-02 17:59:47', NULL, NULL),
	(40, 7, 173, 'no', '0', 0, 4, '2023-03-02 17:59:47', NULL, NULL),
	(41, 7, 174, 'yes', '0', 0, 4, '2023-03-02 17:59:47', NULL, NULL),
	(42, 7, 175, 'no', '0', 0, 4, '2023-03-02 17:59:47', NULL, NULL),
	(43, 7, 176, 'no', '0', 0, 4, '2023-03-02 17:59:47', NULL, NULL),
	(44, 7, 177, 'no', '0', 0, 4, '2023-03-02 17:59:47', NULL, NULL),
	(45, 7, 178, '6', '0', 0, 4, '2023-03-02 17:59:47', NULL, NULL),
	(46, 7, 179, '12', '0', 0, 4, '2023-03-02 17:59:47', NULL, NULL),
	(47, 7, 180, '1', '0', 0, 4, '2023-03-02 17:59:47', NULL, NULL),
	(48, 7, 181, '1', '0', 0, 4, '2023-03-02 17:59:47', NULL, NULL),
	(49, 7, 182, '2', '0', 0, 4, '2023-03-02 17:59:47', NULL, NULL),
	(50, 7, 183, 'yes', '0', 0, 4, '2023-03-02 17:59:47', NULL, NULL),
	(51, 7, 184, 'no', '0', 0, 4, '2023-03-02 17:59:47', NULL, NULL),
	(52, 7, 185, 'no', '0', 0, 4, '2023-03-02 17:59:47', NULL, NULL),
	(53, 7, 186, 'no', '0', 0, 4, '2023-03-02 17:59:47', NULL, NULL),
	(54, 7, 187, 'yes', '0', 0, 4, '2023-03-02 17:59:47', NULL, NULL),
	(55, 7, 188, 'no', '0', 0, 4, '2023-03-02 17:59:47', NULL, NULL),
	(56, 7, 189, 'no', '0', 0, 4, '2023-03-02 17:59:47', NULL, NULL),
	(57, 7, 191, '3', '0', 0, 4, '2023-03-02 17:59:47', NULL, NULL),
	(58, 7, 192, '10', '0', 0, 4, '2023-03-02 17:59:47', NULL, NULL),
	(59, 7, 193, '1', '0', 0, 4, '2023-03-02 17:59:47', NULL, NULL),
	(60, 7, 194, '1', '0', 0, 4, '2023-03-02 17:59:47', NULL, NULL),
	(61, 7, 195, '2', '0', 0, 4, '2023-03-02 17:59:47', NULL, NULL),
	(62, 7, 196, 'yes', '0', 0, 4, '2023-03-02 17:59:47', NULL, NULL),
	(63, 7, 197, 'no', '0', 0, 4, '2023-03-02 17:59:47', NULL, NULL),
	(64, 7, 198, 'no', '0', 0, 4, '2023-03-02 17:59:47', NULL, NULL),
	(65, 7, 199, 'no', '0', 0, 4, '2023-03-02 17:59:47', NULL, NULL),
	(66, 7, 200, '-NA-', '0', 0, 4, '2023-03-02 17:59:47', NULL, NULL),
	(67, 7, 201, '-NA-', '0', 0, 4, '2023-03-02 17:59:47', NULL, NULL),
	(68, 7, 202, '-NA-', '0', 0, 4, '2023-03-02 17:59:47', NULL, NULL),
	(69, 7, 203, '-NA-', '0', 0, 4, '2023-03-02 17:59:47', NULL, NULL),
	(70, 7, 204, '-NA-', '0', 0, 4, '2023-03-02 17:59:47', NULL, NULL),
	(71, 7, 206, '-NA-', '0', 0, 4, '2023-03-02 17:59:47', NULL, NULL),
	(72, 7, 208, '-NA-', '0', 0, 4, '2023-03-02 17:59:47', NULL, NULL),
	(73, 7, 212, '-NA-', '0', 0, 4, '2023-03-02 17:59:47', NULL, NULL),
	(74, 8, 220, '_8.jpg', '1', 0, 4, '2023-03-02 18:03:53', NULL, NULL),
	(75, 8, 216, '1', '0', 0, 4, '2023-03-02 18:03:53', NULL, NULL),
	(76, 8, 29, 'Cik Siti Salmiah', '0', 0, 4, '2023-03-02 18:03:53', NULL, NULL),
	(77, 8, 30, 'Nurse', '0', 0, 4, '2023-03-02 18:03:53', NULL, NULL),
	(78, 8, 31, 'BE-0902345G', '0', 0, 4, '2023-03-02 18:03:53', NULL, NULL),
	(79, 8, 32, 'Pathology Center ', '0', 0, 4, '2023-03-02 18:03:53', NULL, NULL),
	(80, 8, 33, '3', '0', 0, 4, '2023-03-02 18:03:53', NULL, NULL),
	(81, 8, 35, 'no', '0', 0, 4, '2023-03-02 18:03:53', NULL, NULL),
	(82, 8, 214, 'no', '0', 0, 4, '2023-03-02 18:03:53', NULL, NULL),
	(83, 8, 215, 'This is free Text', '0', 0, 4, '2023-03-02 18:03:53', NULL, NULL),
	(84, 8, 217, 'None', '0', 0, 4, '2023-03-02 18:03:53', NULL, NULL),
	(85, 8, 218, 'None', '0', 0, 4, '2023-03-02 18:03:53', NULL, NULL),
	(86, 8, 219, 'Normal', '0', 0, 4, '2023-03-02 18:03:53', NULL, NULL),
	(87, 9, 42, 'KPJ KL', '0', 0, 4, '2023-03-02 18:10:22', NULL, NULL),
	(88, 9, 43, 'Others', '0', 0, 4, '2023-03-02 18:10:22', NULL, NULL),
	(89, 9, 44, 'VE-009000BA-01', '0', 0, 4, '2023-03-02 18:10:22', NULL, NULL),
	(90, 9, 45, 'Roopi Medical Center', '0', 0, 4, '2023-03-02 18:10:22', NULL, NULL),
	(91, 9, 46, 'Normal', '0', 0, 4, '2023-03-02 18:10:22', NULL, NULL),
	(92, 9, 224, '_9.jpg', '1', 0, 4, '2023-03-02 18:14:04', NULL, NULL),
	(93, 9, 47, 'no', '0', 0, 4, '2023-03-02 18:14:04', NULL, NULL),
	(94, 9, 48, 'no', '0', 0, 4, '2023-03-02 18:14:04', NULL, NULL),
	(95, 9, 49, 'Heteregenous background echotexture', '0', 0, 4, '2023-03-02 18:14:04', NULL, NULL),
	(96, 9, 50, 'Homogenous background echotexture – fat​', '0', 0, 4, '2023-03-02 18:14:04', NULL, NULL),
	(97, 9, 51, 'BIRADS 0', '0', 0, 4, '2023-03-02 18:14:04', NULL, NULL),
	(98, 9, 52, 'BIRADS 1', '0', 0, 4, '2023-03-02 18:14:04', NULL, NULL),
	(99, 9, 221, 'None', '0', 0, 4, '2023-03-02 18:14:04', NULL, NULL),
	(100, 9, 222, 'Nothing to comment as of now', '0', 0, 4, '2023-03-02 18:14:04', NULL, NULL),
	(101, 9, 223, 'Routine screening', '0', 0, 4, '2023-03-02 18:14:04', NULL, NULL),
	(102, 10, 53, 'HKL', '0', 0, 4, '2023-03-02 18:18:03', NULL, NULL),
	(103, 10, 54, 'Doctor', '0', 0, 4, '2023-03-02 18:18:03', NULL, NULL),
	(104, 10, 55, 'HCP-A0010091-E', '0', 0, 4, '2023-03-02 18:18:03', NULL, NULL),
	(105, 10, 56, 'HKL Lab', '0', 0, 4, '2023-03-02 18:18:03', NULL, NULL),
	(106, 10, 152, '2023-02-02', '0', 0, 4, '2023-03-02 18:18:03', NULL, NULL),
	(107, 10, 92, '_10.jpg', '1', 0, 4, '2023-03-02 18:24:20', NULL, NULL),
	(108, 10, 57, 'no', '0', 0, 4, '2023-03-02 18:24:20', NULL, NULL),
	(109, 10, 58, 'no', '0', 0, 4, '2023-03-02 18:24:20', NULL, NULL),
	(110, 10, 59, 'no', '0', 0, 4, '2023-03-02 18:24:20', NULL, NULL),
	(111, 10, 62, 'no', '0', 0, 4, '2023-03-02 18:24:20', NULL, NULL),
	(112, 10, 64, 'no', '0', 0, 4, '2023-03-02 18:24:20', NULL, NULL),
	(113, 10, 66, 'premenopausal/still having periods​', '0', 0, 4, '2023-03-02 18:24:20', NULL, NULL),
	(114, 10, 68, '2023-01-13', '0', 0, 4, '2023-03-02 18:24:20', NULL, NULL),
	(115, 10, 69, 'no', '0', 0, 4, '2023-03-02 18:24:20', NULL, NULL),
	(116, 10, 71, 'no', '0', 0, 4, '2023-03-02 18:24:20', NULL, NULL),
	(117, 10, 73, 'no', '0', 0, 4, '2023-03-02 18:24:20', NULL, NULL),
	(118, 10, 76, '-', '0', 0, 4, '2023-03-02 18:24:20', NULL, NULL),
	(119, 10, 77, 'The breasts are entirely fatty​', '0', 0, 4, '2023-03-02 18:24:20', NULL, NULL),
	(120, 10, 78, 'no', '0', 0, 4, '2023-03-02 18:24:20', NULL, NULL),
	(121, 10, 79, 'no', '0', 0, 4, '2023-03-02 18:24:20', NULL, NULL),
	(122, 10, 80, 'no', '0', 0, 4, '2023-03-02 18:24:20', NULL, NULL),
	(123, 10, 81, 'no', '0', 0, 4, '2023-03-02 18:24:20', NULL, NULL),
	(124, 10, 82, 'no', '0', 0, 4, '2023-03-02 18:24:20', NULL, NULL),
	(125, 10, 83, 'no', '0', 0, 4, '2023-03-02 18:24:20', NULL, NULL),
	(126, 10, 84, 'None', '0', 0, 4, '2023-03-02 18:24:20', NULL, NULL),
	(127, 10, 85, 'None', '0', 0, 4, '2023-03-02 18:24:20', NULL, NULL),
	(128, 10, 87, 'None', '0', 0, 4, '2023-03-02 18:24:20', NULL, NULL),
	(129, 10, 88, 'None', '0', 0, 4, '2023-03-02 18:24:20', NULL, NULL),
	(130, 10, 164, '1', '0', 0, 4, '2023-03-02 18:24:20', NULL, NULL),
	(131, 10, 89, 'BIRADS 0​', '0', 0, 4, '2023-03-02 18:24:20', NULL, NULL),
	(132, 10, 90, 'TESTTTTTTTTTTTTT', '0', 0, 4, '2023-03-02 18:24:20', NULL, NULL),
	(133, 10, 91, 'BIRADS 0​', '0', 0, 4, '2023-03-02 18:24:20', NULL, NULL),
	(134, 10, 165, 'BIRADS 0​', '0', 0, 4, '2023-03-02 18:24:20', NULL, NULL),
	(135, 10, 166, 'None', '0', 0, 4, '2023-03-02 18:24:20', NULL, NULL),
	(136, 12, 2, 'no', '0', 0, 1, '2023-03-09 17:26:12', NULL, NULL),
	(137, 12, 4, 'no', '0', 0, 1, '2023-03-09 17:26:12', NULL, NULL),
	(138, 12, 6, 'no', '0', 0, 1, '2023-03-09 17:26:12', NULL, NULL),
	(139, 12, 8, 'no', '0', 0, 1, '2023-03-09 17:26:12', NULL, NULL),
	(140, 12, 10, 'no', '0', 0, 1, '2023-03-09 17:26:12', NULL, NULL),
	(141, 12, 12, 'no', '0', 0, 1, '2023-03-09 17:26:12', NULL, NULL),
	(142, 12, 14, 'no', '0', 0, 1, '2023-03-09 17:26:12', NULL, NULL),
	(143, 12, 16, 'no', '0', 0, 1, '2023-03-09 17:26:12', NULL, NULL),
	(144, 12, 18, 'no', '0', 0, 1, '2023-03-09 17:26:12', NULL, NULL),
	(145, 12, 20, 'no', '0', 0, 1, '2023-03-09 17:26:12', NULL, NULL),
	(146, 12, 22, 'no', '0', 0, 1, '2023-03-09 17:26:12', NULL, NULL),
	(147, 12, 1, 'no', '0', 0, 1, '2023-03-09 17:26:12', NULL, NULL),
	(148, 12, 3, 'no', '0', 0, 1, '2023-03-09 17:26:12', NULL, NULL),
	(149, 12, 5, 'no', '0', 0, 1, '2023-03-09 17:26:12', NULL, NULL),
	(150, 12, 7, 'no', '0', 0, 1, '2023-03-09 17:26:12', NULL, NULL),
	(151, 12, 9, 'no', '0', 0, 1, '2023-03-09 17:26:12', NULL, NULL),
	(152, 12, 11, 'no', '0', 0, 1, '2023-03-09 17:26:12', NULL, NULL),
	(153, 12, 13, 'no', '0', 0, 1, '2023-03-09 17:26:12', NULL, NULL),
	(154, 12, 15, 'no', '0', 0, 1, '2023-03-09 17:26:12', NULL, NULL),
	(155, 12, 17, 'no', '0', 0, 1, '2023-03-09 17:26:12', NULL, NULL),
	(156, 12, 19, 'no', '0', 0, 1, '2023-03-09 17:26:12', NULL, NULL),
	(157, 12, 21, 'no', '0', 0, 1, '2023-03-09 17:26:12', NULL, NULL),
	(158, 12, 0, '2', '0', 0, 1, '2023-03-09 17:26:12', NULL, NULL),
	(159, 14, 53, 'KPMC', '0', 0, 4, '2023-03-09 18:24:15', NULL, NULL),
	(160, 14, 54, 'Nurse', '0', 0, 4, '2023-03-09 18:24:15', NULL, NULL),
	(161, 14, 55, '1234234', '0', 0, 4, '2023-03-09 18:24:15', NULL, NULL),
	(162, 14, 56, 'CBD', '0', 0, 4, '2023-03-09 18:24:15', NULL, NULL),
	(163, 14, 152, '2023-03-01', '0', 0, 4, '2023-03-09 18:24:15', NULL, NULL),
	(164, 14, 57, 'no', '0', 0, 4, '2023-03-09 18:33:00', NULL, NULL),
	(165, 14, 58, 'no', '0', 0, 4, '2023-03-09 18:33:00', NULL, NULL),
	(166, 14, 59, 'no', '0', 0, 4, '2023-03-09 18:33:00', NULL, NULL),
	(167, 14, 62, 'no', '0', 0, 4, '2023-03-09 18:33:00', NULL, NULL),
	(168, 14, 64, 'no', '0', 0, 4, '2023-03-09 18:33:00', NULL, NULL),
	(169, 14, 66, 'premenopausal/still having periods​', '0', 0, 4, '2023-03-09 18:33:00', NULL, NULL),
	(170, 14, 68, '2009-01-06', '0', 0, 4, '2023-03-09 18:33:00', NULL, NULL),
	(171, 14, 69, 'no', '0', 0, 4, '2023-03-09 18:33:00', NULL, NULL),
	(172, 14, 71, 'no', '0', 0, 4, '2023-03-09 18:33:00', NULL, NULL),
	(173, 14, 73, 'no', '0', 0, 4, '2023-03-09 18:33:00', NULL, NULL),
	(174, 14, 76, 'SSSS', '0', 0, 4, '2023-03-09 18:33:00', NULL, NULL),
	(175, 14, 77, 'The breasts are entirely fatty​', '0', 0, 4, '2023-03-09 18:33:00', NULL, NULL),
	(176, 14, 78, 'no', '0', 0, 4, '2023-03-09 18:33:00', NULL, NULL),
	(177, 14, 79, 'yes', '0', 0, 4, '2023-03-09 18:33:00', NULL, NULL),
	(178, 14, 80, 'no', '0', 0, 4, '2023-03-09 18:33:00', NULL, NULL),
	(179, 14, 81, 'yes', '0', 0, 4, '2023-03-09 18:33:00', NULL, NULL),
	(180, 14, 82, 'yes', '0', 0, 4, '2023-03-09 18:33:00', NULL, NULL),
	(181, 14, 83, 'yes', '0', 0, 4, '2023-03-09 18:33:00', NULL, NULL),
	(182, 14, 153, 'Oval', '0', 0, 4, '2023-03-09 18:33:00', NULL, NULL),
	(183, 14, 154, 'Circumscribed', '0', 0, 4, '2023-03-09 18:33:00', NULL, NULL),
	(184, 14, 155, 'High', '0', 0, 4, '2023-03-09 18:33:00', NULL, NULL),
	(185, 14, 156, 'Oval', '0', 0, 4, '2023-03-09 18:33:00', NULL, NULL),
	(186, 14, 158, 'High', '0', 0, 4, '2023-03-09 18:33:00', NULL, NULL),
	(187, 14, 159, 'Diffuse', '0', 0, 4, '2023-03-09 18:33:00', NULL, NULL),
	(188, 14, 91, 'BIRADS 2​', '0', 0, 4, '2023-03-09 18:33:00', NULL, NULL),
	(189, 14, 165, 'BIRADS 1​', '0', 0, 4, '2023-03-09 18:33:00', NULL, NULL),
	(190, 15, 23, 'asad', '0', 0, 1, '2023-03-09 21:54:42', NULL, NULL),
	(191, 15, 24, 'Doctor', '0', 0, 1, '2023-03-09 21:54:42', NULL, NULL),
	(192, 15, 25, 'qwdq', '0', 0, 1, '2023-03-09 21:54:42', NULL, NULL),
	(193, 15, 26, 'wdwe', '0', 0, 1, '2023-03-09 21:54:42', NULL, NULL),
	(194, 15, 27, 'yes', '0', 0, 1, '2023-03-09 21:54:42', NULL, NULL),
	(195, 15, 34, 'wee', '0', 0, 1, '2023-03-09 21:54:42', NULL, NULL),
	(196, 15, 167, 'age 11​', '0', 0, 1, '2023-03-09 21:54:42', NULL, NULL),
	(197, 15, 168, 'age 29', '0', 0, 1, '2023-03-09 21:54:42', NULL, NULL),
	(198, 15, 169, '2023-12-31', '0', 0, 1, '2023-03-09 21:54:42', NULL, NULL),
	(199, 15, 170, 'age 55', '0', 0, 1, '2023-03-09 21:54:42', NULL, NULL),
	(200, 16, 53, 'KK Hospital', '0', 0, 1, '2023-03-13 18:35:18', NULL, NULL),
	(201, 16, 54, 'Doctor', '0', 0, 1, '2023-03-13 18:35:18', NULL, NULL),
	(202, 16, 55, 'KK-A009102', '0', 0, 1, '2023-03-13 18:35:18', NULL, NULL),
	(203, 16, 56, 'PathLab', '0', 0, 1, '2023-03-13 18:35:18', NULL, NULL),
	(204, 16, 152, '2023-03-01', '0', 0, 1, '2023-03-13 18:35:18', NULL, NULL),
	(205, 16, 92, '_16.jpg', '1', 0, 1, '2023-03-13 18:36:34', NULL, NULL),
	(206, 16, 57, 'no', '0', 0, 1, '2023-03-13 18:36:34', NULL, NULL),
	(207, 16, 58, 'no', '0', 0, 1, '2023-03-13 18:36:34', NULL, NULL),
	(208, 16, 59, 'no', '0', 0, 1, '2023-03-13 18:36:34', NULL, NULL),
	(209, 16, 62, 'no', '0', 0, 1, '2023-03-13 18:36:34', NULL, NULL),
	(210, 16, 64, 'no', '0', 0, 1, '2023-03-13 18:36:34', NULL, NULL),
	(211, 16, 66, 'premenopausal/still having periods​', '0', 0, 1, '2023-03-13 18:36:34', NULL, NULL),
	(212, 16, 68, '2010-02-13', '0', 0, 1, '2023-03-13 18:36:34', NULL, NULL),
	(213, 16, 69, 'no', '0', 0, 1, '2023-03-13 18:36:34', NULL, NULL),
	(214, 16, 71, 'no', '0', 0, 1, '2023-03-13 18:36:34', NULL, NULL),
	(215, 16, 73, 'no', '0', 0, 1, '2023-03-13 18:36:34', NULL, NULL),
	(216, 16, 76, '-', '0', 0, 1, '2023-03-13 18:36:34', NULL, NULL),
	(217, 16, 77, 'The breasts are entirely fatty​', '0', 0, 1, '2023-03-13 18:36:34', NULL, NULL),
	(218, 16, 78, 'no', '0', 0, 1, '2023-03-13 18:36:34', NULL, NULL),
	(219, 16, 79, 'no', '0', 0, 1, '2023-03-13 18:36:34', NULL, NULL),
	(220, 16, 80, 'no', '0', 0, 1, '2023-03-13 18:36:34', NULL, NULL),
	(221, 16, 81, 'no', '0', 0, 1, '2023-03-13 18:36:34', NULL, NULL),
	(222, 16, 82, 'no', '0', 0, 1, '2023-03-13 18:36:34', NULL, NULL),
	(223, 16, 83, 'no', '0', 0, 1, '2023-03-13 18:36:34', NULL, NULL),
	(224, 16, 161, 'Vascular', '0', 0, 1, '2023-03-13 18:36:34', NULL, NULL),
	(225, 16, 162, 'Amorphous', '0', 0, 1, '2023-03-13 18:36:34', NULL, NULL),
	(226, 16, 84, 'None', '0', 0, 1, '2023-03-13 18:36:34', NULL, NULL),
	(227, 16, 85, 'None', '0', 0, 1, '2023-03-13 18:36:34', NULL, NULL),
	(228, 16, 87, 'None', '0', 0, 1, '2023-03-13 18:36:34', NULL, NULL),
	(229, 16, 88, 'None', '0', 0, 1, '2023-03-13 18:36:34', NULL, NULL),
	(230, 16, 164, '1', '0', 0, 1, '2023-03-13 18:36:34', NULL, NULL),
	(231, 16, 89, 'BIRADS 0​', '0', 0, 1, '2023-03-13 18:36:34', NULL, NULL),
	(232, 16, 91, 'BIRADS 0​', '0', 0, 1, '2023-03-13 18:36:34', NULL, NULL),
	(233, 16, 165, 'BIRADS 0​', '0', 0, 1, '2023-03-13 18:36:34', NULL, NULL),
	(234, 16, 166, 'None', '0', 0, 1, '2023-03-13 18:36:34', NULL, NULL),
	(235, 17, 2, 'no', '0', 0, 8, '2023-03-13 21:44:54', NULL, NULL),
	(236, 17, 4, 'yes', '0', 0, 8, '2023-03-13 21:44:54', NULL, NULL),
	(237, 17, 6, 'no', '0', 0, 8, '2023-03-13 21:44:54', NULL, NULL),
	(238, 17, 8, 'no', '0', 0, 8, '2023-03-13 21:44:54', NULL, NULL),
	(239, 17, 10, 'no', '0', 0, 8, '2023-03-13 21:44:54', NULL, NULL),
	(240, 17, 12, 'no', '0', 0, 8, '2023-03-13 21:44:54', NULL, NULL),
	(241, 17, 14, 'no', '0', 0, 8, '2023-03-13 21:44:54', NULL, NULL),
	(242, 17, 16, 'no', '0', 0, 8, '2023-03-13 21:44:54', NULL, NULL),
	(243, 17, 18, 'yes', '0', 0, 8, '2023-03-13 21:44:54', NULL, NULL),
	(244, 17, 20, 'no', '0', 0, 8, '2023-03-13 21:44:54', NULL, NULL),
	(245, 17, 22, 'no', '0', 0, 8, '2023-03-13 21:44:54', NULL, NULL),
	(246, 17, 1, 'yes', '0', 0, 8, '2023-03-13 21:44:54', NULL, NULL),
	(247, 17, 3, 'no', '0', 0, 8, '2023-03-13 21:44:54', NULL, NULL),
	(248, 17, 5, 'no', '0', 0, 8, '2023-03-13 21:44:54', NULL, NULL),
	(249, 17, 7, 'no', '0', 0, 8, '2023-03-13 21:44:54', NULL, NULL),
	(250, 17, 9, 'no', '0', 0, 8, '2023-03-13 21:44:54', NULL, NULL),
	(251, 17, 11, 'no', '0', 0, 8, '2023-03-13 21:44:54', NULL, NULL),
	(252, 17, 13, 'no', '0', 0, 8, '2023-03-13 21:44:54', NULL, NULL),
	(253, 17, 15, 'yes', '0', 0, 8, '2023-03-13 21:44:54', NULL, NULL),
	(254, 17, 17, 'no', '0', 0, 8, '2023-03-13 21:44:54', NULL, NULL),
	(255, 17, 19, 'no', '0', 0, 8, '2023-03-13 21:44:54', NULL, NULL),
	(256, 17, 21, 'no', '0', 0, 8, '2023-03-13 21:44:54', NULL, NULL),
	(257, 17, 0, '2', '0', 0, 8, '2023-03-13 21:44:54', NULL, NULL),
	(258, 18, 2, 'no', '0', 0, 9, '2023-03-14 22:49:00', NULL, NULL),
	(259, 18, 4, 'no', '0', 0, 9, '2023-03-14 22:49:00', NULL, NULL),
	(260, 18, 6, 'no', '0', 0, 9, '2023-03-14 22:49:00', NULL, NULL),
	(261, 18, 8, 'no', '0', 0, 9, '2023-03-14 22:49:00', NULL, NULL),
	(262, 18, 10, 'no', '0', 0, 9, '2023-03-14 22:49:00', NULL, NULL),
	(263, 18, 12, 'no', '0', 0, 9, '2023-03-14 22:49:00', NULL, NULL),
	(264, 18, 14, 'no', '0', 0, 9, '2023-03-14 22:49:00', NULL, NULL),
	(265, 18, 16, 'no', '0', 0, 9, '2023-03-14 22:49:00', NULL, NULL),
	(266, 18, 18, 'no', '0', 0, 9, '2023-03-14 22:49:00', NULL, NULL),
	(267, 18, 20, 'no', '0', 0, 9, '2023-03-14 22:49:00', NULL, NULL),
	(268, 18, 22, 'yes', '0', 0, 9, '2023-03-14 22:49:00', NULL, NULL),
	(269, 18, 1, 'yes', '0', 0, 9, '2023-03-14 22:49:00', NULL, NULL),
	(270, 18, 3, 'no', '0', 0, 9, '2023-03-14 22:49:00', NULL, NULL),
	(271, 18, 5, 'yes', '0', 0, 9, '2023-03-14 22:49:00', NULL, NULL),
	(272, 18, 7, 'no', '0', 0, 9, '2023-03-14 22:49:00', NULL, NULL),
	(273, 18, 9, 'yes', '0', 0, 9, '2023-03-14 22:49:00', NULL, NULL),
	(274, 18, 11, 'no', '0', 0, 9, '2023-03-14 22:49:00', NULL, NULL),
	(275, 18, 13, 'no', '0', 0, 9, '2023-03-14 22:49:00', NULL, NULL),
	(276, 18, 15, 'yes', '0', 0, 9, '2023-03-14 22:49:00', NULL, NULL),
	(277, 18, 17, 'no', '0', 0, 9, '2023-03-14 22:49:00', NULL, NULL),
	(278, 18, 19, 'no', '0', 0, 9, '2023-03-14 22:49:00', NULL, NULL),
	(279, 18, 21, 'no', '0', 0, 9, '2023-03-14 22:49:00', NULL, NULL),
	(280, 18, 0, '2', '0', 0, 9, '2023-03-14 22:49:00', NULL, NULL),
	(281, 19, 2, 'no', '0', 0, 2, '2023-03-17 10:44:18', NULL, NULL),
	(282, 19, 4, 'no', '0', 0, 2, '2023-03-17 10:44:18', NULL, NULL),
	(283, 19, 6, 'no', '0', 0, 2, '2023-03-17 10:44:18', NULL, NULL),
	(284, 19, 8, 'no', '0', 0, 2, '2023-03-17 10:44:18', NULL, NULL),
	(285, 19, 10, 'no', '0', 0, 2, '2023-03-17 10:44:18', NULL, NULL),
	(286, 19, 12, 'no', '0', 0, 2, '2023-03-17 10:44:18', NULL, NULL),
	(287, 19, 14, 'no', '0', 0, 2, '2023-03-17 10:44:18', NULL, NULL),
	(288, 19, 16, 'no', '0', 0, 2, '2023-03-17 10:44:18', NULL, NULL),
	(289, 19, 18, 'no', '0', 0, 2, '2023-03-17 10:44:18', NULL, NULL),
	(290, 19, 20, 'no', '0', 0, 2, '2023-03-17 10:44:18', NULL, NULL),
	(291, 19, 22, 'no', '0', 0, 2, '2023-03-17 10:44:18', NULL, NULL),
	(292, 19, 1, 'no', '0', 0, 2, '2023-03-17 10:44:18', NULL, NULL),
	(293, 19, 3, 'no', '0', 0, 2, '2023-03-17 10:44:18', NULL, NULL),
	(294, 19, 5, 'no', '0', 0, 2, '2023-03-17 10:44:18', NULL, NULL),
	(295, 19, 7, 'no', '0', 0, 2, '2023-03-17 10:44:18', NULL, NULL),
	(296, 19, 9, 'no', '0', 0, 2, '2023-03-17 10:44:18', NULL, NULL),
	(297, 19, 11, 'no', '0', 0, 2, '2023-03-17 10:44:18', NULL, NULL),
	(298, 19, 13, 'no', '0', 0, 2, '2023-03-17 10:44:18', NULL, NULL),
	(299, 19, 15, 'no', '0', 0, 2, '2023-03-17 10:44:18', NULL, NULL),
	(300, 19, 17, 'no', '0', 0, 2, '2023-03-17 10:44:18', NULL, NULL),
	(301, 19, 19, 'no', '0', 0, 2, '2023-03-17 10:44:18', NULL, NULL),
	(302, 19, 21, 'no', '0', 0, 2, '2023-03-17 10:44:18', NULL, NULL),
	(303, 19, 0, '2', '0', 0, 2, '2023-03-17 10:44:18', NULL, NULL),
	(304, 20, 28, '40', '0', 0, 2, '2023-03-17 21:43:55', NULL, NULL),
	(305, 20, 0, '2', '0', 0, 2, '2023-03-17 21:43:55', NULL, NULL),
	(306, 21, 28, '20', '0', 0, 2, '2023-03-17 21:46:09', NULL, NULL),
	(307, 21, 0, '2', '0', 0, 2, '2023-03-17 21:46:09', NULL, NULL),
	(308, 22, 28, '23', '0', 0, 1, '2023-03-17 21:47:49', NULL, NULL),
	(309, 22, 0, '2', '0', 0, 1, '2023-03-17 21:47:49', NULL, NULL),
	(310, 23, 28, '35', '0', 0, 8, '2023-03-18 20:37:16', NULL, NULL),
	(311, 23, 0, '2', '0', 0, 8, '2023-03-18 20:37:16', NULL, NULL),
	(312, 28, 28, '23', '0', 0, 10, '2023-03-19 21:32:45', NULL, NULL),
	(313, 28, 0, '2', '0', 0, 10, '2023-03-19 21:32:45', NULL, NULL),
	(314, 29, 2, 'no', '0', 0, 10, '2023-03-19 21:34:38', NULL, NULL),
	(315, 29, 4, 'no', '0', 0, 10, '2023-03-19 21:34:38', NULL, NULL),
	(316, 29, 6, 'no', '0', 0, 10, '2023-03-19 21:34:38', NULL, NULL),
	(317, 29, 8, 'no', '0', 0, 10, '2023-03-19 21:34:38', NULL, NULL),
	(318, 29, 10, 'no', '0', 0, 10, '2023-03-19 21:34:38', NULL, NULL),
	(319, 29, 12, 'no', '0', 0, 10, '2023-03-19 21:34:38', NULL, NULL),
	(320, 29, 14, 'no', '0', 0, 10, '2023-03-19 21:34:38', NULL, NULL),
	(321, 29, 16, 'no', '0', 0, 10, '2023-03-19 21:34:38', NULL, NULL),
	(322, 29, 18, 'no', '0', 0, 10, '2023-03-19 21:34:38', NULL, NULL),
	(323, 29, 20, 'no', '0', 0, 10, '2023-03-19 21:34:38', NULL, NULL),
	(324, 29, 22, 'no', '0', 0, 10, '2023-03-19 21:34:38', NULL, NULL),
	(325, 29, 1, 'no', '0', 0, 10, '2023-03-19 21:34:38', NULL, NULL),
	(326, 29, 3, 'no', '0', 0, 10, '2023-03-19 21:34:38', NULL, NULL),
	(327, 29, 5, 'no', '0', 0, 10, '2023-03-19 21:34:38', NULL, NULL),
	(328, 29, 7, 'no', '0', 0, 10, '2023-03-19 21:34:38', NULL, NULL),
	(329, 29, 9, 'no', '0', 0, 10, '2023-03-19 21:34:38', NULL, NULL),
	(330, 29, 11, 'no', '0', 0, 10, '2023-03-19 21:34:38', NULL, NULL),
	(331, 29, 13, 'no', '0', 0, 10, '2023-03-19 21:34:38', NULL, NULL),
	(332, 29, 15, 'no', '0', 0, 10, '2023-03-19 21:34:38', NULL, NULL),
	(333, 29, 17, 'no', '0', 0, 10, '2023-03-19 21:34:38', NULL, NULL),
	(334, 29, 19, 'no', '0', 0, 10, '2023-03-19 21:34:38', NULL, NULL),
	(335, 29, 21, 'no', '0', 0, 10, '2023-03-19 21:34:38', NULL, NULL),
	(336, 29, 0, '2', '0', 0, 10, '2023-03-19 21:34:38', NULL, NULL),
	(337, 30, 28, '20', '0', 0, 2, '2023-03-20 19:08:45', NULL, NULL),
	(338, 30, 0, '2', '0', 0, 2, '2023-03-20 19:08:45', NULL, NULL),
	(339, 31, 220, '_31.jpeg', '1', 0, 1, '2023-03-20 19:39:38', NULL, NULL),
	(340, 31, 216, '2', '0', 0, 1, '2023-03-20 19:39:38', NULL, NULL),
	(341, 31, 29, 'Hhh', '0', 0, 1, '2023-03-20 19:39:38', NULL, NULL),
	(342, 31, 30, 'Nurse', '0', 0, 1, '2023-03-20 19:39:38', NULL, NULL),
	(343, 31, 31, 'Tyt', '0', 0, 1, '2023-03-20 19:39:38', NULL, NULL),
	(344, 31, 32, 'Yth', '0', 0, 1, '2023-03-20 19:39:38', NULL, NULL),
	(345, 31, 33, '1', '0', 0, 1, '2023-03-20 19:39:38', NULL, NULL),
	(346, 31, 35, 'no', '0', 0, 1, '2023-03-20 19:39:38', NULL, NULL),
	(347, 31, 214, 'no', '0', 0, 1, '2023-03-20 19:39:38', NULL, NULL),
	(348, 31, 217, 'None', '0', 0, 1, '2023-03-20 19:39:38', NULL, NULL),
	(349, 31, 218, 'None', '0', 0, 1, '2023-03-20 19:39:38', NULL, NULL),
	(350, 31, 219, 'Normal', '0', 0, 1, '2023-03-20 19:39:38', NULL, NULL),
	(351, 32, 220, '_32.jpg', '1', 0, 2, '2023-03-20 19:41:49', NULL, NULL),
	(352, 32, 216, '3', '0', 0, 2, '2023-03-20 19:41:49', NULL, NULL),
	(353, 32, 29, 'YYYY', '0', 0, 2, '2023-03-20 19:41:49', NULL, NULL),
	(354, 32, 30, 'Doctor', '0', 0, 2, '2023-03-20 19:41:49', NULL, NULL),
	(355, 32, 31, 'DDD', '0', 0, 2, '2023-03-20 19:41:49', NULL, NULL),
	(356, 32, 32, 'ASD', '0', 0, 2, '2023-03-20 19:41:49', NULL, NULL),
	(357, 32, 33, '1', '0', 0, 2, '2023-03-20 19:41:49', NULL, NULL),
	(358, 32, 35, 'no', '0', 0, 2, '2023-03-20 19:41:49', NULL, NULL),
	(359, 32, 214, 'no', '0', 0, 2, '2023-03-20 19:41:49', NULL, NULL),
	(360, 32, 215, 'DDDD', '0', 0, 2, '2023-03-20 19:41:49', NULL, NULL),
	(361, 32, 217, 'None', '0', 0, 2, '2023-03-20 19:41:49', NULL, NULL),
	(362, 32, 218, 'None', '0', 0, 2, '2023-03-20 19:41:49', NULL, NULL),
	(363, 32, 219, 'Normal', '0', 0, 2, '2023-03-20 19:41:49', NULL, NULL),
	(364, 33, 213, '_33.jpeg', '1', 0, 1, '2023-03-20 19:46:00', NULL, NULL),
	(365, 33, 23, 'Yyy', '0', 0, 1, '2023-03-20 19:46:00', NULL, NULL),
	(366, 33, 24, 'Nurse', '0', 0, 1, '2023-03-20 19:46:00', NULL, NULL),
	(367, 33, 25, 'Tut', '0', 0, 1, '2023-03-20 19:46:00', NULL, NULL),
	(368, 33, 26, 'Un', '0', 0, 1, '2023-03-20 19:46:00', NULL, NULL),
	(369, 33, 27, 'no', '0', 0, 1, '2023-03-20 19:46:00', NULL, NULL),
	(370, 33, 167, 'age 12​', '0', 0, 1, '2023-03-20 19:46:00', NULL, NULL),
	(371, 33, 168, 'age 21​', '0', 0, 1, '2023-03-20 19:46:00', NULL, NULL),
	(372, 33, 169, '2023-03-01', '0', 0, 1, '2023-03-20 19:46:00', NULL, NULL),
	(373, 33, 170, 'age 45', '0', 0, 1, '2023-03-20 19:46:00', NULL, NULL),
	(374, 33, 171, 'no', '0', 0, 1, '2023-03-20 19:46:00', NULL, NULL),
	(375, 33, 173, 'no', '0', 0, 1, '2023-03-20 19:46:00', NULL, NULL),
	(376, 33, 174, 'yes', '0', 0, 1, '2023-03-20 19:46:00', NULL, NULL),
	(377, 33, 175, 'yes', '0', 0, 1, '2023-03-20 19:46:00', NULL, NULL),
	(378, 33, 176, 'no', '0', 0, 1, '2023-03-20 19:46:00', NULL, NULL),
	(379, 33, 177, 'no', '0', 0, 1, '2023-03-20 19:46:00', NULL, NULL),
	(380, 33, 178, '6', '0', 0, 1, '2023-03-20 19:46:00', NULL, NULL),
	(381, 33, 179, 'Uu', '0', 0, 1, '2023-03-20 19:46:00', NULL, NULL),
	(382, 33, 180, '1', '0', 0, 1, '2023-03-20 19:46:00', NULL, NULL),
	(383, 33, 181, '3', '0', 0, 1, '2023-03-20 19:46:00', NULL, NULL),
	(384, 33, 182, '1', '0', 0, 1, '2023-03-20 19:46:00', NULL, NULL),
	(385, 33, 183, 'no', '0', 0, 1, '2023-03-20 19:46:00', NULL, NULL),
	(386, 33, 184, 'no', '0', 0, 1, '2023-03-20 19:46:00', NULL, NULL),
	(387, 33, 185, 'no', '0', 0, 1, '2023-03-20 19:46:00', NULL, NULL),
	(388, 33, 186, 'no', '0', 0, 1, '2023-03-20 19:46:00', NULL, NULL),
	(389, 33, 187, 'no', '0', 0, 1, '2023-03-20 19:46:00', NULL, NULL),
	(390, 33, 188, 'no', '0', 0, 1, '2023-03-20 19:46:00', NULL, NULL),
	(391, 33, 189, 'no', '0', 0, 1, '2023-03-20 19:46:00', NULL, NULL),
	(392, 33, 191, '7', '0', 0, 1, '2023-03-20 19:46:00', NULL, NULL),
	(393, 33, 192, 'Y', '0', 0, 1, '2023-03-20 19:46:00', NULL, NULL),
	(394, 33, 193, '1', '0', 0, 1, '2023-03-20 19:46:00', NULL, NULL),
	(395, 33, 194, '1', '0', 0, 1, '2023-03-20 19:46:00', NULL, NULL),
	(396, 33, 195, '1', '0', 0, 1, '2023-03-20 19:46:00', NULL, NULL),
	(397, 33, 196, 'no', '0', 0, 1, '2023-03-20 19:46:00', NULL, NULL),
	(398, 33, 197, 'no', '0', 0, 1, '2023-03-20 19:46:00', NULL, NULL),
	(399, 33, 198, 'no', '0', 0, 1, '2023-03-20 19:46:00', NULL, NULL),
	(400, 33, 199, 'no', '0', 0, 1, '2023-03-20 19:46:00', NULL, NULL),
	(401, 33, 200, '-', '0', 0, 1, '2023-03-20 19:46:00', NULL, NULL),
	(402, 33, 201, '-', '0', 0, 1, '2023-03-20 19:46:00', NULL, NULL),
	(403, 33, 203, '-', '0', 0, 1, '2023-03-20 19:46:00', NULL, NULL),
	(404, 33, 204, '-', '0', 0, 1, '2023-03-20 19:46:00', NULL, NULL),
	(405, 33, 205, '-', '0', 0, 1, '2023-03-20 19:46:00', NULL, NULL),
	(406, 33, 206, '-', '0', 0, 1, '2023-03-20 19:46:00', NULL, NULL),
	(407, 33, 207, '-', '0', 0, 1, '2023-03-20 19:46:00', NULL, NULL),
	(408, 33, 208, '-', '0', 0, 1, '2023-03-20 19:46:00', NULL, NULL),
	(409, 33, 209, '-', '0', 0, 1, '2023-03-20 19:46:00', NULL, NULL),
	(410, 33, 210, '-', '0', 0, 1, '2023-03-20 19:46:00', NULL, NULL),
	(411, 33, 211, '-', '0', 0, 1, '2023-03-20 19:46:00', NULL, NULL),
	(412, 33, 212, '-', '0', 0, 1, '2023-03-20 19:46:00', NULL, NULL),
	(413, 34, 2, 'yes', '0', 0, 8, '2023-03-20 22:06:27', NULL, NULL),
	(414, 34, 4, 'yes', '0', 0, 8, '2023-03-20 22:06:27', NULL, NULL),
	(415, 34, 6, 'no', '0', 0, 8, '2023-03-20 22:06:27', NULL, NULL),
	(416, 34, 8, 'yes', '0', 0, 8, '2023-03-20 22:06:27', NULL, NULL),
	(417, 34, 10, 'yes', '0', 0, 8, '2023-03-20 22:06:27', NULL, NULL),
	(418, 34, 12, 'yes', '0', 0, 8, '2023-03-20 22:06:27', NULL, NULL),
	(419, 34, 14, 'yes', '0', 0, 8, '2023-03-20 22:06:27', NULL, NULL),
	(420, 34, 16, 'yes', '0', 0, 8, '2023-03-20 22:06:27', NULL, NULL),
	(421, 34, 18, 'yes', '0', 0, 8, '2023-03-20 22:06:27', NULL, NULL),
	(422, 34, 20, 'yes', '0', 0, 8, '2023-03-20 22:06:27', NULL, NULL),
	(423, 34, 22, 'yes', '0', 0, 8, '2023-03-20 22:06:27', NULL, NULL),
	(424, 34, 1, 'no', '0', 0, 8, '2023-03-20 22:06:27', NULL, NULL),
	(425, 34, 3, 'yes', '0', 0, 8, '2023-03-20 22:06:27', NULL, NULL),
	(426, 34, 5, 'yes', '0', 0, 8, '2023-03-20 22:06:27', NULL, NULL),
	(427, 34, 7, 'yes', '0', 0, 8, '2023-03-20 22:06:27', NULL, NULL),
	(428, 34, 9, 'yes', '0', 0, 8, '2023-03-20 22:06:27', NULL, NULL),
	(429, 34, 11, 'yes', '0', 0, 8, '2023-03-20 22:06:27', NULL, NULL),
	(430, 34, 13, 'no', '0', 0, 8, '2023-03-20 22:06:27', NULL, NULL),
	(431, 34, 15, 'no', '0', 0, 8, '2023-03-20 22:06:27', NULL, NULL),
	(432, 34, 17, 'no', '0', 0, 8, '2023-03-20 22:06:27', NULL, NULL),
	(433, 34, 19, 'yes', '0', 0, 8, '2023-03-20 22:06:27', NULL, NULL),
	(434, 34, 21, 'yes', '0', 0, 8, '2023-03-20 22:06:27', NULL, NULL),
	(435, 34, 0, '2', '0', 0, 8, '2023-03-20 22:06:27', NULL, NULL),
	(436, 35, 28, '35', '0', 0, 8, '2023-03-20 22:07:40', NULL, NULL),
	(437, 35, 0, '2', '0', 0, 8, '2023-03-20 22:07:40', NULL, NULL),
	(438, 37, 28, '40', '0', 0, 8, '2023-03-20 22:09:29', NULL, NULL),
	(439, 37, 0, '2', '0', 0, 8, '2023-03-20 22:09:29', NULL, NULL),
	(440, 40, 28, '2', '0', 0, 1, '2023-03-20 22:15:05', NULL, NULL),
	(441, 40, 0, '2', '0', 0, 1, '2023-03-20 22:15:05', NULL, NULL),
	(442, 42, 213, '_42.png', '1', 0, 2, '2023-03-20 22:36:07', NULL, NULL),
	(443, 42, 23, 'HCP Pro', '0', 0, 2, '2023-03-20 22:36:07', NULL, NULL),
	(444, 42, 24, 'Doctor', '0', 0, 2, '2023-03-20 22:36:07', NULL, NULL),
	(445, 42, 25, 'regno', '0', 0, 2, '2023-03-20 22:36:07', NULL, NULL),
	(446, 42, 26, '123', '0', 0, 2, '2023-03-20 22:36:07', NULL, NULL),
	(447, 42, 27, 'yes', '0', 0, 2, '2023-03-20 22:36:07', NULL, NULL),
	(448, 42, 34, '1233', '0', 0, 2, '2023-03-20 22:36:07', NULL, NULL),
	(449, 42, 167, 'age 10​', '0', 0, 2, '2023-03-20 22:36:07', NULL, NULL),
	(450, 42, 168, 'age 27', '0', 0, 2, '2023-03-20 22:36:07', NULL, NULL),
	(451, 42, 169, '1999-11-01', '0', 0, 2, '2023-03-20 22:36:07', NULL, NULL),
	(452, 42, 170, 'age 40', '0', 0, 2, '2023-03-20 22:36:07', NULL, NULL),
	(453, 42, 171, 'yes', '0', 0, 2, '2023-03-20 22:36:07', NULL, NULL),
	(454, 42, 172, 'yea', '0', 0, 2, '2023-03-20 22:36:07', NULL, NULL),
	(455, 42, 173, 'yes', '0', 0, 2, '2023-03-20 22:36:07', NULL, NULL),
	(456, 42, 174, 'yes', '0', 0, 2, '2023-03-20 22:36:07', NULL, NULL),
	(457, 42, 175, 'no', '0', 0, 2, '2023-03-20 22:36:07', NULL, NULL),
	(458, 42, 176, 'no', '0', 0, 2, '2023-03-20 22:36:07', NULL, NULL),
	(459, 42, 177, 'no', '0', 0, 2, '2023-03-20 22:36:07', NULL, NULL),
	(460, 42, 178, '123456', '0', 0, 2, '2023-03-20 22:36:07', NULL, NULL),
	(461, 42, 179, '12', '0', 0, 2, '2023-03-20 22:36:07', NULL, NULL),
	(462, 42, 180, '2', '0', 0, 2, '2023-03-20 22:36:07', NULL, NULL),
	(463, 42, 181, '2', '0', 0, 2, '2023-03-20 22:36:07', NULL, NULL),
	(464, 42, 182, '1', '0', 0, 2, '2023-03-20 22:36:07', NULL, NULL),
	(465, 42, 183, 'yes', '0', 0, 2, '2023-03-20 22:36:07', NULL, NULL),
	(466, 42, 184, 'no', '0', 0, 2, '2023-03-20 22:36:07', NULL, NULL),
	(467, 42, 185, 'no', '0', 0, 2, '2023-03-20 22:36:07', NULL, NULL),
	(468, 42, 186, 'no', '0', 0, 2, '2023-03-20 22:36:07', NULL, NULL),
	(469, 42, 187, 'yes', '0', 0, 2, '2023-03-20 22:36:07', NULL, NULL),
	(470, 42, 188, 'no', '0', 0, 2, '2023-03-20 22:36:07', NULL, NULL),
	(471, 42, 189, 'no', '0', 0, 2, '2023-03-20 22:36:07', NULL, NULL),
	(472, 42, 191, '322', '0', 0, 2, '2023-03-20 22:36:07', NULL, NULL),
	(473, 42, 192, '23', '0', 0, 2, '2023-03-20 22:36:07', NULL, NULL),
	(474, 42, 193, '3', '0', 0, 2, '2023-03-20 22:36:07', NULL, NULL),
	(475, 42, 194, '2', '0', 0, 2, '2023-03-20 22:36:07', NULL, NULL),
	(476, 42, 195, '2', '0', 0, 2, '2023-03-20 22:36:07', NULL, NULL),
	(477, 42, 196, 'no', '0', 0, 2, '2023-03-20 22:36:07', NULL, NULL),
	(478, 42, 197, 'no', '0', 0, 2, '2023-03-20 22:36:07', NULL, NULL),
	(479, 42, 198, 'no', '0', 0, 2, '2023-03-20 22:36:07', NULL, NULL),
	(480, 42, 199, 'no', '0', 0, 2, '2023-03-20 22:36:07', NULL, NULL),
	(481, 42, 200, 'Nipple normal', '0', 0, 2, '2023-03-20 22:36:07', NULL, NULL),
	(482, 42, 201, 'inverted', '0', 0, 2, '2023-03-20 22:36:07', NULL, NULL),
	(483, 42, 202, 'crackedwa', '0', 0, 2, '2023-03-20 22:36:07', NULL, NULL),
	(484, 42, 210, 'warn', '0', 0, 2, '2023-03-20 22:36:07', NULL, NULL),
	(485, 43, 220, '_43.png', '1', 0, 2, '2023-03-20 22:45:51', NULL, NULL),
	(486, 43, 216, '4', '0', 0, 2, '2023-03-20 22:45:51', NULL, NULL),
	(487, 43, 29, 'Tech1', '0', 0, 2, '2023-03-20 22:45:51', NULL, NULL),
	(488, 43, 30, 'Nurse', '0', 0, 2, '2023-03-20 22:45:51', NULL, NULL),
	(489, 43, 31, 'rge number', '0', 0, 2, '2023-03-20 22:45:51', NULL, NULL),
	(490, 43, 32, ' exam', '0', 0, 2, '2023-03-20 22:45:51', NULL, NULL),
	(491, 43, 33, '1', '0', 0, 2, '2023-03-20 22:45:51', NULL, NULL),
	(492, 43, 35, 'no', '0', 0, 2, '2023-03-20 22:45:51', NULL, NULL),
	(493, 43, 214, 'yes', '0', 0, 2, '2023-03-20 22:45:51', NULL, NULL),
	(494, 43, 215, 'examine notes in here', '0', 0, 2, '2023-03-20 22:45:51', NULL, NULL),
	(495, 43, 217, 'Upper outer', '0', 0, 2, '2023-03-20 22:45:51', NULL, NULL),
	(496, 43, 218, 'Upper outer', '0', 0, 2, '2023-03-20 22:45:51', NULL, NULL),
	(497, 43, 219, 'Normal', '0', 0, 2, '2023-03-20 22:45:51', NULL, NULL),
	(498, 46, 2, 'no', '0', 0, 2, '2023-03-20 22:56:41', NULL, NULL),
	(499, 46, 4, 'no', '0', 0, 2, '2023-03-20 22:56:41', NULL, NULL),
	(500, 46, 6, 'no', '0', 0, 2, '2023-03-20 22:56:41', NULL, NULL),
	(501, 46, 8, 'no', '0', 0, 2, '2023-03-20 22:56:41', NULL, NULL),
	(502, 46, 10, 'no', '0', 0, 2, '2023-03-20 22:56:41', NULL, NULL),
	(503, 46, 12, 'no', '0', 0, 2, '2023-03-20 22:56:41', NULL, NULL),
	(504, 46, 14, 'no', '0', 0, 2, '2023-03-20 22:56:41', NULL, NULL),
	(505, 46, 16, 'no', '0', 0, 2, '2023-03-20 22:56:41', NULL, NULL),
	(506, 46, 18, 'no', '0', 0, 2, '2023-03-20 22:56:41', NULL, NULL),
	(507, 46, 20, 'no', '0', 0, 2, '2023-03-20 22:56:41', NULL, NULL),
	(508, 46, 22, 'no', '0', 0, 2, '2023-03-20 22:56:41', NULL, NULL),
	(509, 46, 1, 'no', '0', 0, 2, '2023-03-20 22:56:41', NULL, NULL),
	(510, 46, 3, 'no', '0', 0, 2, '2023-03-20 22:56:41', NULL, NULL),
	(511, 46, 5, 'no', '0', 0, 2, '2023-03-20 22:56:41', NULL, NULL),
	(512, 46, 7, 'no', '0', 0, 2, '2023-03-20 22:56:41', NULL, NULL),
	(513, 46, 9, 'no', '0', 0, 2, '2023-03-20 22:56:41', NULL, NULL),
	(514, 46, 11, 'no', '0', 0, 2, '2023-03-20 22:56:41', NULL, NULL),
	(515, 46, 13, 'no', '0', 0, 2, '2023-03-20 22:56:41', NULL, NULL),
	(516, 46, 15, 'no', '0', 0, 2, '2023-03-20 22:56:41', NULL, NULL),
	(517, 46, 17, 'no', '0', 0, 2, '2023-03-20 22:56:41', NULL, NULL),
	(518, 46, 19, 'no', '0', 0, 2, '2023-03-20 22:56:41', NULL, NULL),
	(519, 46, 21, 'no', '0', 0, 2, '2023-03-20 22:56:41', NULL, NULL),
	(520, 46, 0, '2', '0', 0, 2, '2023-03-20 22:56:41', NULL, NULL),
	(521, 50, 28, '23', '0', 0, 2, '2023-03-20 23:19:49', NULL, NULL),
	(522, 50, 0, '2', '0', 0, 2, '2023-03-20 23:19:49', NULL, NULL);

-- Dumping structure for table app_cancerregistry_staging.assessment_doctor_comment
CREATE TABLE IF NOT EXISTS `assessment_doctor_comment` (
  `id` bigint(20) NOT NULL AUTO_INCREMENT,
  `assessment_header_id` bigint(20) NOT NULL DEFAULT '1',
  `comments` varchar(500) NOT NULL DEFAULT '',
  `is_obsoleted` tinyint(4) NOT NULL DEFAULT '0',
  `created_by` tinyint(4) NOT NULL DEFAULT '0',
  `created_date` datetime NOT NULL DEFAULT CURRENT_TIMESTAMP,
  `updated_by` tinyint(4) DEFAULT NULL,
  `updated_date` datetime DEFAULT NULL,
  PRIMARY KEY (`id`)
) ENGINE=InnoDB AUTO_INCREMENT=7 DEFAULT CHARSET=utf8;

-- Dumping data for table app_cancerregistry_staging.assessment_doctor_comment: ~6 rows (approximately)
INSERT INTO `assessment_doctor_comment` (`id`, `assessment_header_id`, `comments`, `is_obsoleted`, `created_by`, `created_date`, `updated_by`, `updated_date`) VALUES
	(1, 4, 'Testing my first note - visva - 8.57', 0, 7, '2023-03-13 20:58:03', NULL, NULL),
	(2, 17, 'My First comment for karthik at 9.46pm', 0, 7, '2023-03-13 21:46:41', NULL, NULL),
	(3, 17, 'my 2nd comment', 0, 7, '2023-03-13 21:46:56', NULL, NULL),
	(4, 18, 'adding comment', 0, 7, '2023-03-14 22:50:39', NULL, NULL),
	(5, 35, 'Testing comment1', 0, 2, '2023-03-20 22:31:42', NULL, NULL),
	(6, 43, 'Doctor 1', 0, 2, '2023-03-20 22:46:30', NULL, NULL);

-- Dumping structure for table app_cancerregistry_staging.assessment_header
CREATE TABLE IF NOT EXISTS `assessment_header` (
  `id` bigint(20) NOT NULL AUTO_INCREMENT,
  `patient_id` int(11) NOT NULL DEFAULT '0',
  `assessment_type_id` int(11) NOT NULL DEFAULT '0',
  `assessment_sub_type_id` int(11) NOT NULL DEFAULT '0',
  `assessment_tool_id` int(11) NOT NULL DEFAULT '0',
  `assessment_date` date DEFAULT NULL,
  `assessment_time` time DEFAULT NULL,
  `assessment_prefix` varchar(10) NOT NULL,
  `assessment_number` varchar(20) NOT NULL,
  `facility_id` int(11) DEFAULT NULL,
  `is_completed` tinyint(4) DEFAULT '0',
  `next_assesment_date` date DEFAULT NULL,
  `mp_remarks` varchar(500) DEFAULT NULL,
  `mp_reviewed` tinyint(4) DEFAULT NULL,
  `mp_reviewed_by` int(11) DEFAULT NULL,
  `mp_reviewed_date` datetime DEFAULT NULL,
  `is_obsolete` tinyint(4) NOT NULL DEFAULT '0',
  `created_by` int(11) NOT NULL DEFAULT '1',
  `created_date` datetime NOT NULL DEFAULT CURRENT_TIMESTAMP,
  `updated_by` int(11) DEFAULT NULL,
  `updated_date` datetime DEFAULT NULL,
  PRIMARY KEY (`id`)
) ENGINE=InnoDB AUTO_INCREMENT=51 DEFAULT CHARSET=utf8;

-- Dumping data for table app_cancerregistry_staging.assessment_header: ~50 rows (approximately)
INSERT INTO `assessment_header` (`id`, `patient_id`, `assessment_type_id`, `assessment_sub_type_id`, `assessment_tool_id`, `assessment_date`, `assessment_time`, `assessment_prefix`, `assessment_number`, `facility_id`, `is_completed`, `next_assesment_date`, `mp_remarks`, `mp_reviewed`, `mp_reviewed_by`, `mp_reviewed_date`, `is_obsolete`, `created_by`, `created_date`, `updated_by`, `updated_date`) VALUES
	(1, 1, 2, 1, 1, '2023-03-02', '13:59:00', 'BRESYP', '1', 2, 0, NULL, NULL, NULL, NULL, NULL, 0, 1, '2023-03-02 13:04:40', NULL, NULL),
	(2, 1, 2, 1, 1, '2023-03-02', '13:04:00', 'BRESYP', '1', 2, 0, NULL, NULL, NULL, NULL, NULL, 0, 1, '2023-03-02 13:27:32', NULL, NULL),
	(3, 1, 2, 1, 1, '2023-03-02', '13:28:00', 'BRESYP', '1', 2, 1, '2023-04-02', NULL, NULL, NULL, NULL, 0, 1, '2023-03-02 13:29:27', NULL, NULL),
	(4, 4, 2, 1, 2, '2023-03-02', '17:44:00', 'BRERSK', '1', 2, 1, '2024-03-02', NULL, NULL, NULL, NULL, 0, 4, '2023-03-02 17:44:23', NULL, NULL),
	(5, 4, 2, 1, 2, '2023-03-02', '17:53:00', 'BRERSK', '2', 2, 1, '2024-03-02', NULL, NULL, NULL, NULL, 0, 4, '2023-03-02 17:53:53', NULL, NULL),
	(6, 4, 2, 1, 2, '2023-03-02', '17:54:00', 'BRERSK', '3', 2, 1, '2024-03-02', NULL, NULL, NULL, NULL, 0, 4, '2023-03-02 17:54:51', NULL, NULL),
	(7, 4, 2, 2, 5, '2023-03-02', '17:55:00', 'BRECBE', '4', 1, 1, NULL, NULL, NULL, NULL, NULL, 0, 4, '2023-03-02 17:55:27', NULL, NULL),
	(8, 4, 2, 2, 6, '2023-03-02', '18:00:00', 'BREIBR', '5', 2, 1, NULL, NULL, NULL, NULL, NULL, 0, 4, '2023-03-02 18:00:21', NULL, NULL),
	(9, 4, 2, 2, 8, '2023-03-02', '18:04:00', 'BRECUT', '6', 2, 1, NULL, NULL, NULL, NULL, NULL, 0, 4, '2023-03-02 18:04:28', NULL, NULL),
	(10, 4, 2, 2, 9, '2023-03-02', '18:14:00', 'BREMMG', '7', 1, 1, NULL, NULL, NULL, NULL, NULL, 0, 4, '2023-03-02 18:17:21', NULL, NULL),
	(11, 1, 2, 1, 1, '2023-03-30', '00:23:00', 'BRESYP', '2', 2, 0, NULL, NULL, NULL, NULL, NULL, 0, 1, '2023-03-09 17:23:50', NULL, NULL),
	(12, 1, 2, 1, 1, '2023-03-09', '17:24:00', 'BRESYP', '2', 1, 1, '2023-04-09', NULL, NULL, NULL, NULL, 0, 1, '2023-03-09 17:24:43', NULL, NULL),
	(13, 1, 2, 1, 1, '2023-03-09', '18:06:00', 'BRESYP', '3', 2, 0, NULL, NULL, NULL, NULL, NULL, 0, 1, '2023-03-09 18:06:55', NULL, NULL),
	(14, 4, 2, 2, 9, '2023-03-09', '18:23:00', 'BREMMG', '8', 1, 1, NULL, NULL, NULL, NULL, NULL, 0, 4, '2023-03-09 18:23:42', NULL, NULL),
	(15, 1, 2, 2, 5, '2023-03-09', '21:53:00', 'BRECBE', '3', 2, 1, NULL, NULL, NULL, NULL, NULL, 0, 1, '2023-03-09 21:54:09', NULL, NULL),
	(16, 1, 2, 2, 9, '2023-03-13', '18:34:00', 'BREMMG', '4', 1, 1, NULL, NULL, NULL, NULL, NULL, 0, 1, '2023-03-13 18:34:56', NULL, NULL),
	(17, 8, 2, 1, 1, '2023-03-13', '21:43:00', 'BRESYP', '1', 2, 1, '2023-04-13', NULL, NULL, NULL, NULL, 0, 8, '2023-03-13 21:44:16', NULL, NULL),
	(18, 9, 2, 1, 1, '2023-03-14', '22:48:00', 'BRESYP', '1', 2, 1, '2023-04-14', NULL, NULL, NULL, NULL, 0, 9, '2023-03-14 22:48:31', NULL, NULL),
	(19, 4, 2, 1, 1, '2023-03-17', '10:43:00', 'BRESYP', '9', 2, 1, '2023-04-17', NULL, NULL, NULL, NULL, 0, 2, '2023-03-17 10:43:31', NULL, NULL),
	(20, 9, 2, 1, 2, '2023-03-17', '21:42:00', 'BRERSK', '2', 2, 1, '2024-03-17', NULL, NULL, NULL, NULL, 0, 2, '2023-03-17 21:43:42', NULL, NULL),
	(21, 1, 2, 1, 2, '2023-03-17', '21:45:00', 'BRERSK', '5', 2, 1, '2024-03-17', NULL, NULL, NULL, NULL, 0, 2, '2023-03-17 21:46:00', NULL, NULL),
	(22, 1, 2, 1, 2, '2023-03-17', '10:47:00', 'BRERSK', '6', 2, 1, '2024-03-17', NULL, NULL, NULL, NULL, 0, 1, '2023-03-17 21:47:43', NULL, NULL),
	(23, 8, 2, 1, 2, '2023-03-18', '20:36:00', 'BRERSK', '2', 2, 1, '2024-03-18', NULL, NULL, NULL, NULL, 0, 8, '2023-03-18 20:37:06', NULL, NULL),
	(24, 8, 2, 1, 2, '2023-03-18', '20:38:00', 'BRERSK', '3', 3, 0, NULL, NULL, NULL, NULL, NULL, 0, 8, '2023-03-18 20:38:21', NULL, NULL),
	(25, 8, 2, 2, 5, '2023-03-18', '20:38:00', 'BRECBE', '3', 1, 0, NULL, NULL, NULL, NULL, NULL, 0, 8, '2023-03-18 20:38:30', NULL, NULL),
	(26, 8, 2, 2, 6, '2023-03-18', '20:39:00', 'BREIBR', '3', 1, 0, NULL, NULL, NULL, NULL, NULL, 0, 8, '2023-03-18 20:40:02', NULL, NULL),
	(27, 8, 2, 1, 2, '2023-03-18', '20:45:00', 'BRERSK', '3', 3, 0, NULL, NULL, NULL, NULL, NULL, 0, 7, '2023-03-18 20:45:21', NULL, NULL),
	(28, 10, 2, 1, 2, '2023-03-19', '21:32:00', 'BRERSK', '1', 2, 1, '2024-03-19', NULL, NULL, NULL, NULL, 0, 10, '2023-03-19 21:32:41', NULL, NULL),
	(29, 10, 2, 1, 1, '2023-03-19', '21:33:00', 'BRESYP', '2', 2, 1, '2023-04-19', NULL, NULL, NULL, NULL, 0, 10, '2023-03-19 21:33:57', NULL, NULL),
	(30, 9, 2, 1, 2, '2023-03-20', '19:08:00', 'BRERSK', '3', 2, 1, '2024-03-20', NULL, NULL, NULL, NULL, 0, 2, '2023-03-20 19:08:36', NULL, NULL),
	(31, 1, 2, 2, 6, '2023-03-15', '19:31:00', 'BREIBR', '7', 2, 1, NULL, NULL, NULL, NULL, NULL, 0, 1, '2023-03-20 19:32:51', NULL, NULL),
	(32, 4, 2, 2, 6, '2023-03-20', '19:33:00', 'BREIBR', '10', 2, 1, NULL, NULL, NULL, NULL, NULL, 0, 2, '2023-03-20 19:34:49', NULL, NULL),
	(33, 1, 2, 2, 5, '2023-03-20', '19:42:00', 'BRECBE', '8', 1, 1, NULL, NULL, NULL, NULL, NULL, 0, 1, '2023-03-20 19:43:00', NULL, NULL),
	(34, 8, 2, 1, 1, '2023-03-20', '21:59:00', 'BRESYP', '3', 2, 1, '2023-04-20', NULL, NULL, NULL, NULL, 0, 8, '2023-03-20 21:59:35', NULL, NULL),
	(35, 8, 2, 1, 2, '2023-03-20', '22:07:00', 'BRERSK', '4', 2, 1, '2024-03-20', NULL, NULL, NULL, NULL, 0, 8, '2023-03-20 22:07:32', NULL, NULL),
	(36, 8, 2, 1, 2, '2023-03-20', '22:08:00', 'BRERSK', '5', 1, 0, NULL, NULL, NULL, NULL, NULL, 0, 8, '2023-03-20 22:08:22', NULL, NULL),
	(37, 8, 2, 1, 2, '2023-03-20', '22:09:00', 'BRERSK', '5', 1, 1, '2024-03-20', NULL, NULL, NULL, NULL, 0, 8, '2023-03-20 22:09:17', NULL, NULL),
	(38, 8, 2, 1, 2, '2023-03-20', '22:09:00', 'BRERSK', '6', 2, 0, NULL, NULL, NULL, NULL, NULL, 0, 8, '2023-03-20 22:09:50', NULL, NULL),
	(39, 8, 2, 1, 1, '2023-03-20', '22:10:00', 'BRESYP', '6', 2, 0, NULL, NULL, NULL, NULL, NULL, 0, 8, '2023-03-20 22:10:57', NULL, NULL),
	(40, 1, 2, 1, 2, '2023-03-20', '22:14:00', 'BRERSK', '9', 1, 1, '2024-03-20', NULL, NULL, NULL, NULL, 0, 1, '2023-03-20 22:15:01', NULL, NULL),
	(41, 8, 2, 1, 2, '2023-03-20', '22:26:00', 'BRERSK', '6', 2, 0, NULL, NULL, NULL, NULL, NULL, 0, 8, '2023-03-20 22:26:32', NULL, NULL),
	(42, 8, 2, 2, 5, '2023-03-20', '22:33:00', 'BRECBE', '6', 2, 1, NULL, NULL, NULL, NULL, NULL, 0, 2, '2023-03-20 22:33:39', NULL, NULL),
	(43, 1, 2, 2, 6, '2023-03-20', '22:43:00', 'BREIBR', '10', 2, 1, NULL, NULL, NULL, NULL, NULL, 0, 2, '2023-03-20 22:44:09', NULL, NULL),
	(44, 1, 2, 2, 6, '2023-03-20', '22:44:00', 'BREIBR', '10', 2, 0, NULL, NULL, NULL, NULL, NULL, 0, 2, '2023-03-20 22:44:32', NULL, NULL),
	(45, 1, 2, 2, 6, '2023-03-20', '22:45:00', 'BREIBR', '10', 2, 0, NULL, NULL, NULL, NULL, NULL, 0, 2, '2023-03-20 22:45:40', NULL, NULL),
	(46, 8, 2, 1, 1, '2023-03-20', '22:55:00', 'BRESYP', '7', 2, 1, '2023-04-20', NULL, NULL, NULL, NULL, 0, 2, '2023-03-20 22:55:44', NULL, NULL),
	(47, 9, 2, 1, 1, '2023-03-20', '23:00:00', 'BRESYP', '4', 1, 0, NULL, NULL, NULL, NULL, NULL, 0, 9, '2023-03-20 23:00:27', NULL, NULL),
	(48, 4, 2, 1, 1, '2023-03-20', '23:00:00', 'BRESYP', '11', 2, 0, NULL, NULL, NULL, NULL, NULL, 0, 2, '2023-03-20 23:01:02', NULL, NULL),
	(49, 8, 2, 1, 1, '2023-03-20', '23:12:00', 'BRESYP', '8', 1, 0, NULL, NULL, NULL, NULL, NULL, 0, 8, '2023-03-20 23:12:27', NULL, NULL),
	(50, 1, 2, 1, 2, '2023-03-20', '23:19:00', 'BRERSK', '11', 2, 1, '0000-00-00', NULL, NULL, NULL, NULL, 0, 2, '2023-03-20 23:19:37', NULL, NULL);

-- Dumping structure for table app_cancerregistry_staging.facility_admin
CREATE TABLE IF NOT EXISTS `facility_admin` (
  `id` int(11) NOT NULL AUTO_INCREMENT,
  `facility_id` int(11) NOT NULL DEFAULT '0',
  `user_id` int(11) NOT NULL DEFAULT '0',
  `is_obsolete` tinyint(4) NOT NULL DEFAULT '0',
  `created_by` int(11) NOT NULL DEFAULT '0',
  `created_date` datetime NOT NULL DEFAULT CURRENT_TIMESTAMP,
  `updated_by` int(11) DEFAULT NULL,
  `updated_date` datetime DEFAULT NULL,
  PRIMARY KEY (`id`)
) ENGINE=InnoDB DEFAULT CHARSET=utf8;

-- Dumping data for table app_cancerregistry_staging.facility_admin: ~0 rows (approximately)

-- Dumping structure for table app_cancerregistry_staging.ibreast_test_findings
CREATE TABLE IF NOT EXISTS `ibreast_test_findings` (
  `id` int(11) NOT NULL AUTO_INCREMENT,
  `assessment_header_id` bigint(20) NOT NULL DEFAULT '0',
  `assessment_detail_id` bigint(20) NOT NULL DEFAULT '0',
  `right_breast_1` tinyint(4) NOT NULL DEFAULT '0',
  `right_breast_2` tinyint(4) NOT NULL DEFAULT '0',
  `right_breast_3` tinyint(4) NOT NULL DEFAULT '0',
  `right_breast_4` tinyint(4) NOT NULL DEFAULT '0',
  `right_breast_5` tinyint(4) NOT NULL DEFAULT '0',
  `right_breast_6` tinyint(4) NOT NULL DEFAULT '0',
  `right_breast_7` tinyint(4) NOT NULL DEFAULT '0',
  `right_breast_8` tinyint(4) NOT NULL DEFAULT '0',
  `right_breast_9` tinyint(4) NOT NULL DEFAULT '0',
  `right_breast_10` tinyint(4) NOT NULL DEFAULT '0',
  `right_breast_11` tinyint(4) NOT NULL DEFAULT '0',
  `right_breast_12` tinyint(4) NOT NULL DEFAULT '0',
  `right_breast_13` tinyint(4) NOT NULL DEFAULT '0',
  `right_breast_14` tinyint(4) NOT NULL DEFAULT '0',
  `right_breast_15` tinyint(4) NOT NULL DEFAULT '0',
  `right_breast_16` tinyint(4) NOT NULL DEFAULT '0',
  `left_breast_1` tinyint(4) NOT NULL DEFAULT '0',
  `left_breast_2` tinyint(4) NOT NULL DEFAULT '0',
  `left_breast_3` tinyint(4) NOT NULL DEFAULT '0',
  `left_breast_4` tinyint(4) NOT NULL DEFAULT '0',
  `left_breast_5` tinyint(4) NOT NULL DEFAULT '0',
  `left_breast_6` tinyint(4) NOT NULL DEFAULT '0',
  `left_breast_7` tinyint(4) NOT NULL DEFAULT '0',
  `left_breast_8` tinyint(4) NOT NULL DEFAULT '0',
  `left_breast_9` tinyint(4) NOT NULL DEFAULT '0',
  `left_breast_10` tinyint(4) NOT NULL DEFAULT '0',
  `left_breast_11` tinyint(4) NOT NULL DEFAULT '0',
  `left_breast_12` tinyint(4) NOT NULL DEFAULT '0',
  `left_breast_13` tinyint(4) NOT NULL DEFAULT '0',
  `left_breast_14` tinyint(4) NOT NULL DEFAULT '0',
  `left_breast_15` tinyint(4) NOT NULL DEFAULT '0',
  `left_breast_16` tinyint(4) NOT NULL DEFAULT '0',
  `is_obsolete` tinyint(4) NOT NULL DEFAULT '0',
  `created_by` tinyint(4) NOT NULL DEFAULT '0',
  `created_date` datetime NOT NULL DEFAULT '0000-00-00 00:00:00',
  `updated_by` tinyint(4) NOT NULL DEFAULT '0',
  `updated_date` datetime NOT NULL DEFAULT '0000-00-00 00:00:00',
  PRIMARY KEY (`id`)
) ENGINE=InnoDB AUTO_INCREMENT=5 DEFAULT CHARSET=utf8;

-- Dumping data for table app_cancerregistry_staging.ibreast_test_findings: ~4 rows (approximately)
INSERT INTO `ibreast_test_findings` (`id`, `assessment_header_id`, `assessment_detail_id`, `right_breast_1`, `right_breast_2`, `right_breast_3`, `right_breast_4`, `right_breast_5`, `right_breast_6`, `right_breast_7`, `right_breast_8`, `right_breast_9`, `right_breast_10`, `right_breast_11`, `right_breast_12`, `right_breast_13`, `right_breast_14`, `right_breast_15`, `right_breast_16`, `left_breast_1`, `left_breast_2`, `left_breast_3`, `left_breast_4`, `left_breast_5`, `left_breast_6`, `left_breast_7`, `left_breast_8`, `left_breast_9`, `left_breast_10`, `left_breast_11`, `left_breast_12`, `left_breast_13`, `left_breast_14`, `left_breast_15`, `left_breast_16`, `is_obsolete`, `created_by`, `created_date`, `updated_by`, `updated_date`) VALUES
	(1, 8, 216, 0, 0, 0, 0, 0, 0, 0, 0, 0, 1, 0, 0, 0, 1, 1, 0, 0, 0, 0, 0, 0, 0, 0, 0, 0, 0, 0, 0, 0, 0, 0, 0, 0, 4, '0000-00-00 00:00:00', 0, '0000-00-00 00:00:00'),
	(2, 31, 216, 1, 0, 0, 0, 0, 0, 0, 1, 0, 0, 0, 1, 0, 0, 0, 0, 0, 0, 0, 0, 0, 0, 0, 0, 0, 0, 0, 0, 0, 0, 1, 0, 0, 1, '0000-00-00 00:00:00', 0, '0000-00-00 00:00:00'),
	(3, 32, 216, 0, 0, 0, 0, 0, 0, 0, 0, 0, 0, 0, 0, 0, 0, 0, 0, 1, 0, 0, 1, 0, 0, 0, 0, 0, 0, 0, 0, 0, 0, 0, 0, 0, 2, '0000-00-00 00:00:00', 0, '0000-00-00 00:00:00'),
	(4, 43, 216, 1, 0, 0, 0, 0, 1, 0, 0, 0, 0, 0, 0, 0, 0, 0, 0, 0, 0, 0, 0, 0, 0, 0, 0, 0, 0, 1, 0, 0, 0, 0, 1, 0, 2, '0000-00-00 00:00:00', 0, '0000-00-00 00:00:00');

-- Dumping structure for table app_cancerregistry_staging.m_assessment_questionnaires
CREATE TABLE IF NOT EXISTS `m_assessment_questionnaires` (
  `id` bigint(20) NOT NULL AUTO_INCREMENT,
  `assessment_types_id` int(11) NOT NULL DEFAULT '0',
  `assessment_tools_id` int(11) NOT NULL DEFAULT '0',
  `q_no` int(11) NOT NULL DEFAULT '1',
  `q_identifier` varchar(15) NOT NULL,
  `questionnaire` varchar(1000) NOT NULL DEFAULT '',
  `group` varchar(15) DEFAULT NULL,
  `input_type` enum('text','number','date','time','radio','checkbox','select','file','textarea') DEFAULT NULL,
  `placeholder` varchar(100) DEFAULT NULL,
  `is_obsolete` tinyint(4) NOT NULL DEFAULT '0',
  `created_by` int(11) NOT NULL DEFAULT '1',
  `created_date` datetime NOT NULL DEFAULT CURRENT_TIMESTAMP,
  `updated_by` int(11) DEFAULT NULL,
  `updated_date` datetime DEFAULT NULL,
  PRIMARY KEY (`id`)
) ENGINE=InnoDB AUTO_INCREMENT=225 DEFAULT CHARSET=utf8;

-- Dumping data for table app_cancerregistry_staging.m_assessment_questionnaires: ~221 rows (approximately)
INSERT INTO `m_assessment_questionnaires` (`id`, `assessment_types_id`, `assessment_tools_id`, `q_no`, `q_identifier`, `questionnaire`, `group`, `input_type`, `placeholder`, `is_obsolete`, `created_by`, `created_date`, `updated_by`, `updated_date`) VALUES
	(1, 2, 1, 12, 'BRE_SYP_12', 'Do you feel a lump in your right breast?', 'right', NULL, NULL, 0, 1, '2023-01-08 21:14:25', NULL, NULL),
	(2, 2, 1, 1, 'BRE_SYP_1', 'Do you feel a lump in your left breast?', 'left', NULL, NULL, 0, 1, '2023-01-10 20:44:50', NULL, NULL),
	(3, 2, 1, 13, 'BRE_SYP_13', 'If you answered Right Breast previously,where is the lump? Refer to the figure for markings.', 'right', NULL, NULL, 0, 1, '2023-01-10 20:47:53', NULL, NULL),
	(4, 2, 1, 2, 'BRE_SYP_2', 'If you answered Left Breast previously,where is the lump? Refer to the figure for markings.', 'left', NULL, NULL, 0, 1, '2023-01-10 20:48:36', NULL, NULL),
	(5, 2, 1, 14, 'BRE_SYP_14', 'Do you feel a lump in your right armpit?', 'right', NULL, NULL, 0, 1, '2023-01-10 20:49:41', NULL, NULL),
	(6, 2, 1, 3, 'BRE_SYP_3', 'Do you feel a lump in your left armpit?', 'left', NULL, NULL, 0, 1, '2023-01-10 20:50:20', NULL, NULL),
	(7, 2, 1, 15, 'BRE_SYP_15', 'Do you feel pain in your right breast?', 'right', NULL, NULL, 0, 1, '2023-01-10 20:50:47', NULL, NULL),
	(8, 2, 1, 4, 'BRE_SYP_4', 'Do you feel pain in your left breast?', 'left', NULL, NULL, 0, 1, '2023-01-10 20:51:14', NULL, NULL),
	(9, 2, 1, 16, 'BRE_SYP_16', 'Do you have an ulcer* or wound that won’t heal on your right breast?', 'right', NULL, NULL, 0, 1, '2023-01-10 20:51:42', NULL, NULL),
	(10, 2, 1, 5, 'BRE_SYP_15', 'Do you have an ulcer* or wound that won’t heal on your left breast?', 'left', NULL, NULL, 0, 1, '2023-01-10 20:52:32', NULL, NULL),
	(11, 2, 1, 17, 'BRE_SYP_17', 'Do you have any dimpling* on your right breast skin?', 'right', NULL, NULL, 0, 1, '2023-01-10 20:52:56', NULL, NULL),
	(12, 2, 1, 6, 'BRE_SYP_6', 'Do you have any dimpling* on your left breast skin?', 'left', NULL, NULL, 0, 1, '2023-01-10 20:53:23', NULL, NULL),
	(13, 2, 1, 18, 'BRE_SYP_18', 'Do you have any discharge* from your right breast?', 'right', NULL, NULL, 0, 1, '2023-01-10 20:53:54', NULL, NULL),
	(14, 2, 1, 7, 'BRE_SYP_7', 'Do you have any discharge* from your left breast?', 'left', NULL, NULL, 0, 1, '2023-01-10 20:54:17', NULL, NULL),
	(15, 2, 1, 19, 'BRE_SYP_19', 'Do you have a change* in nipple direction on your right breast?', 'right', NULL, NULL, 0, 1, '2023-01-10 20:55:18', NULL, NULL),
	(16, 2, 1, 8, 'BRE_SYP_8', 'Do you have a change* in nipple direction on your left breast?', 'left', NULL, NULL, 0, 1, '2023-01-10 20:55:38', NULL, NULL),
	(17, 2, 1, 20, 'BRE_SYP_20', 'Does the skin of your right breast look like an orange peel?', 'right', NULL, NULL, 0, 1, '2023-01-10 20:56:13', NULL, NULL),
	(18, 2, 1, 9, 'BRE_SYP_9', 'Does the skin of your left breast look like an orange peel?', 'left', NULL, NULL, 0, 1, '2023-01-10 20:56:36', NULL, NULL),
	(19, 2, 1, 21, 'BRE_SYP_21', 'Does your right nipple fold inwards?', 'right', NULL, NULL, 0, 1, '2023-01-10 20:58:49', NULL, NULL),
	(20, 2, 1, 10, 'BRE_SYP_10', 'Does your left nipple fold inwards?', 'left', NULL, NULL, 0, 1, '2023-01-10 20:59:14', NULL, NULL),
	(21, 2, 1, 22, 'BRE_SYP_22', 'Is there redness on your right breast?', 'right', NULL, NULL, 0, 1, '2023-01-10 20:59:37', NULL, NULL),
	(22, 2, 1, 11, 'BRE_SYP_11', 'Is there redness on your left breast?', 'left', NULL, NULL, 0, 1, '2023-01-10 20:59:57', NULL, NULL),
	(23, 2, 5, 1, 'BRE_CBE_1', 'Name of Healthcare Professional :', '1', 'text', NULL, 0, 1, '2023-01-10 21:01:14', NULL, NULL),
	(24, 2, 5, 2, 'BRE_CBE_2', 'Designation of HCP : ', '1', 'select', NULL, 0, 1, '2023-01-11 08:54:44', NULL, NULL),
	(25, 2, 5, 3, 'BRE_CBE_3', 'Registration Number of HCP :', '1', 'text', NULL, 0, 1, '2023-01-11 08:55:02', NULL, NULL),
	(26, 2, 5, 4, 'BRE_CBE_4', 'Institution CBE exam was performed at :', '1', 'text', NULL, 0, 1, '2023-01-11 08:55:19', NULL, NULL),
	(27, 2, 5, 5, 'BRE_CBE_5', 'Family history of cancer : ', '1', 'radio', NULL, 0, 1, '2023-01-11 08:55:45', NULL, NULL),
	(28, 2, 2, 1, 'BRE_RSK_1', 'Based on BCRAT, insert your risk results below.', '1', NULL, NULL, 0, 1, '2023-01-11 08:59:34', NULL, NULL),
	(29, 2, 6, 1, 'BRE_IBR_1', 'Name of technician: ', '1', 'text', NULL, 0, 1, '2023-01-11 09:24:32', NULL, NULL),
	(30, 2, 6, 2, 'BRE_IBR_2', 'Designation of technician : ', '1', 'select', NULL, 0, 1, '2023-01-11 09:26:03', NULL, NULL),
	(31, 2, 6, 3, 'BRE_IBR_3', 'Registration number of technician :', '1', 'text', NULL, 0, 1, '2023-01-11 09:36:42', NULL, NULL),
	(32, 2, 6, 4, 'BRE_IBR_4', 'Institution iBREAST exam was performed at :', '1', 'text', NULL, 0, 1, '2023-01-11 09:37:27', NULL, NULL),
	(33, 2, 6, 5, 'BRE_IBR_5', 'Symptoms :', '1', 'select', NULL, 0, 1, '2023-01-11 09:38:00', NULL, NULL),
	(34, 2, 5, 6, 'BRE_CBR_6', 'If Yes, please state who and what cancer :', '1', 'text', NULL, 0, 1, '2023-01-11 09:39:01', NULL, NULL),
	(35, 2, 6, 6, 'BRE_IBR_6', 'Family history :', '1', 'radio', NULL, 0, 1, '2023-01-11 09:39:21', NULL, NULL),
	(36, 2, 7, 1, 'BRE_PCU_1', 'Name of Healthcare Professional :', '1', NULL, NULL, 0, 1, '2023-01-11 09:43:21', NULL, NULL),
	(37, 2, 7, 2, 'BRE_PCU_2', 'Designation of HCP : ', '1', NULL, NULL, 0, 1, '2023-01-11 09:43:36', NULL, NULL),
	(38, 2, 7, 3, 'BRE_PCU_3', 'Registration Number of HCP :', '1', NULL, NULL, 0, 1, '2023-01-11 09:43:51', NULL, NULL),
	(39, 2, 7, 4, 'BRE_PCU_4', 'Institution POCUS exam was performed at :', '1', NULL, NULL, 0, 1, '2023-01-11 09:44:55', NULL, NULL),
	(40, 2, 7, 5, 'BRE_PCU_5', 'Result of POCUS :', '1', NULL, NULL, 0, 1, '2023-01-11 09:45:24', NULL, NULL),
	(41, 2, 7, 6, 'BRE_PCU_6', 'Please upload a clear copy of your POCUS Examination results below.', '1', NULL, NULL, 0, 1, '2023-01-11 09:46:50', NULL, NULL),
	(42, 2, 8, 1, 'BRE_CUT_1', 'Name of Healthcare Professional :', '1', NULL, NULL, 0, 1, '2023-01-11 09:49:43', NULL, NULL),
	(43, 2, 8, 2, 'BRE_CUT_2', 'Designation of HCP : ', '1', NULL, NULL, 0, 1, '2023-01-11 09:50:05', NULL, NULL),
	(44, 2, 8, 3, 'BRE_CUT_3', 'Registration Number of HCP :', '1', NULL, NULL, 0, 1, '2023-01-11 09:50:22', NULL, NULL),
	(45, 2, 8, 4, 'BRE_CUT_4', 'Institution clinical ultrasound was performed at :', '1', NULL, NULL, 0, 1, '2023-01-11 09:50:53', NULL, NULL),
	(46, 2, 8, 5, 'BRE_CUT_5', 'Result of Clinical Ultrasound :', '1', NULL, NULL, 0, 1, '2023-01-11 09:51:26', NULL, NULL),
	(47, 2, 8, 6, 'BRE_CUT_6', 'Please tick accordingly. Are you breastfeeding?', '1', NULL, NULL, 0, 1, '2023-01-11 09:51:54', NULL, NULL),
	(48, 2, 8, 7, 'BRE_CUT_7', 'Please tick accordingly. Are you Pregnant?', '2', NULL, NULL, 0, 1, '2023-01-11 09:57:48', NULL, NULL),
	(49, 2, 8, 8, 'BRE_CUT_8', 'Right Breast Composition :', '2', NULL, NULL, 0, 1, '2023-01-11 09:58:03', NULL, NULL),
	(50, 2, 8, 9, 'BRE_CUT_9', 'Left Breast Composition', '2', NULL, NULL, 0, 1, '2023-01-11 09:58:57', NULL, NULL),
	(51, 2, 8, 10, 'BRE_CUT_10', 'Assessment for Right Breast :', '2', NULL, NULL, 0, 1, '2023-01-11 09:59:09', NULL, NULL),
	(52, 2, 8, 11, 'BRE_CUT_11', 'Assessment for Left Breast :', '2', NULL, NULL, 0, 1, '2023-01-11 09:59:27', NULL, NULL),
	(53, 2, 9, 1, 'BRE_MMG_1', 'Name of Healthcare Professional :', '1', NULL, NULL, 0, 1, '2023-01-11 17:24:53', NULL, NULL),
	(54, 2, 9, 2, 'BRE_MMG_2', 'Designation of HCP : ', '1', NULL, NULL, 0, 1, '2023-01-11 17:25:12', NULL, NULL),
	(55, 2, 9, 3, 'BRE_MMG_3', 'Registration Number of HCP :', '1', NULL, NULL, 0, 1, '2023-01-11 17:25:36', NULL, NULL),
	(56, 2, 9, 4, 'BRE_MMG_4', 'Institution mammogram was performed at :', '1', NULL, NULL, 0, 1, '2023-01-11 17:26:35', NULL, NULL),
	(57, 2, 9, 6, 'BRE_MMG_6', 'Are you breastfeeding?', '2', NULL, NULL, 0, 1, '2023-01-11 17:31:03', NULL, NULL),
	(58, 2, 9, 7, 'BRE_MMG_7', 'Are you pregnant?', '2', NULL, NULL, 0, 1, '2023-01-11 17:31:22', NULL, NULL),
	(59, 2, 9, 8, 'BRE_MMG_8', 'Have you had a mammogram previously?', '2', NULL, NULL, 0, 1, '2023-01-11 17:33:09', NULL, NULL),
	(60, 2, 9, 9, 'BRE_MMG_9', 'If yes, where was the mammogram performed?', '2', NULL, NULL, 0, 1, '2023-01-11 17:33:34', NULL, NULL),
	(61, 2, 9, 10, 'BRE_MMG_10', 'If yes, when was the mammogram performed?', '2', NULL, NULL, 0, 1, '2023-01-11 17:34:00', NULL, NULL),
	(62, 2, 9, 11, 'BRE_MMG_11', 'Have you taken any medication containing hormones?', '2', NULL, NULL, 0, 1, '2023-01-11 17:42:41', NULL, NULL),
	(63, 2, 9, 12, 'BRE_MMG_12', 'If yes, please select the type of medication that applies to you', '2', NULL, NULL, 0, 1, '2023-01-11 17:43:29', NULL, NULL),
	(64, 2, 9, 13, 'BRE_MMG_13', 'Have you ever been pregnant?', '2', NULL, NULL, 0, 1, '2023-01-11 17:43:45', NULL, NULL),
	(65, 2, 9, 14, 'BRE_MMG_14', 'If yes, what was your age at your first birth?', '2', NULL, NULL, 0, 1, '2023-01-11 17:43:57', NULL, NULL),
	(66, 2, 9, 15, 'BRE_MMG_15', 'What is your current menstrual status?', '2', NULL, NULL, 0, 1, '2023-01-11 17:44:23', NULL, NULL),
	(67, 2, 9, 16, 'BRE_MMG_16', 'If post menopausal, at what age did you reach menopause?', '2', NULL, NULL, 0, 1, '2023-01-11 17:44:48', NULL, NULL),
	(68, 2, 9, 17, 'BRE_MMG_17', 'When did you start menstruating?', '2', NULL, NULL, 0, 1, '2023-01-11 17:45:53', NULL, NULL),
	(69, 2, 9, 18, 'BRE_MMG_18', 'Do you have family history of breast cancer?', '3', NULL, NULL, 0, 1, '2023-01-11 17:46:27', NULL, NULL),
	(70, 2, 9, 19, 'BRE_MMG_19', 'If yes, who in your family has had breast cancer?', '3', NULL, NULL, 0, 1, '2023-01-11 17:46:47', NULL, NULL),
	(71, 2, 9, 20, 'BRE_MMG_20', 'Do you have family history of cancer?', '3', NULL, NULL, 0, 1, '2023-01-11 17:47:05', NULL, NULL),
	(72, 2, 9, 21, 'BRE_MMG_21', 'If yes, who in your family has had cancer?', '3', NULL, NULL, 0, 1, '2023-01-11 17:47:22', NULL, NULL),
	(73, 2, 9, 22, 'BRE_MMG_22', 'Have you had a breast biopsy performed before?', '3', NULL, NULL, 0, 1, '2023-01-11 17:47:48', NULL, NULL),
	(74, 2, 9, 23, 'BRE_MMG_23', 'If yes, when was your breast biopsy performed?', '3', NULL, NULL, 0, 1, '2023-01-11 17:48:06', NULL, NULL),
	(75, 2, 9, 24, 'BRE_MMG_24', 'If yes, what were the results of your previous biopsy?', '3', NULL, NULL, 0, 1, '2023-01-11 17:48:31', NULL, NULL),
	(76, 2, 9, 25, 'BRE_MMG_25', 'Name of procedure:', '4', NULL, NULL, 0, 1, '2023-01-11 17:49:05', NULL, NULL),
	(77, 2, 9, 26, 'BRE_MMG_26', 'Breast Composition:', '4', NULL, NULL, 0, 1, '2023-01-11 17:49:15', NULL, NULL),
	(78, 2, 9, 27, 'BRE_MMG_27', 'For the right breast, any suspicious mass present?', '4', NULL, NULL, 0, 1, '2023-01-11 17:49:29', NULL, NULL),
	(79, 2, 9, 28, 'BRE_MMG_28', 'For the right breast, any calcifications present?', '4', NULL, NULL, 0, 1, '2023-01-11 17:50:06', NULL, NULL),
	(80, 2, 9, 29, 'BRE_MMG_29', 'For the right breast, any architectural distortions present?', '4', NULL, NULL, 0, 1, '2023-01-11 17:50:42', NULL, NULL),
	(81, 2, 9, 30, 'BRE_MMG_30', 'For the left breast, any suspicious mass present?', '4', NULL, NULL, 0, 1, '2023-01-11 17:51:00', NULL, NULL),
	(82, 2, 9, 31, 'BRE_MMG_31', 'For the left breast, any calcifications present?', '4', NULL, NULL, 0, 1, '2023-01-11 17:51:19', NULL, NULL),
	(83, 2, 9, 32, 'BRE_MMG_32', 'For the left breast, any architectural distortions present?', '4', NULL, NULL, 0, 1, '2023-01-11 17:51:39', NULL, NULL),
	(84, 2, 9, 43, 'BRE_MMG_43', 'Asymmetries', '6', NULL, NULL, 0, 1, '2023-01-11 17:52:17', NULL, NULL),
	(85, 2, 9, 44, 'BRE_MMG_44', 'Intramammary lymph node:', '6', NULL, NULL, 0, 1, '2023-01-11 17:53:12', NULL, NULL),
	(87, 2, 9, 45, 'BRE_MMG_45', 'Skin lesions:', '6', NULL, NULL, 0, 1, '2023-01-11 17:53:53', NULL, NULL),
	(88, 2, 9, 46, 'BRE_MMG_46', 'Solitary dilated duct:', '6', NULL, NULL, 0, 1, '2023-01-11 17:54:17', NULL, NULL),
	(89, 2, 9, 48, 'BRE_MMG_48', 'Impression:', '6', NULL, NULL, 0, 1, '2023-01-11 17:54:42', NULL, NULL),
	(90, 2, 9, 49, 'BRE_MMG_49', 'Reason for score:', '6', NULL, NULL, 0, 1, '2023-01-11 17:54:59', NULL, NULL),
	(91, 2, 9, 50, 'BRE_MMG_50', 'Assessment for Right Breast', '6', NULL, NULL, 0, 1, '2023-01-11 17:55:12', NULL, NULL),
	(92, 2, 9, 53, 'BRE_MMG_53', 'Please upload a copy of your mammogram below.', '4', NULL, NULL, 0, 1, '2023-01-11 17:55:29', NULL, NULL),
	(93, 3, 19, 1, 'LUN_SAL_1', 'Have you had persistent coughing for at least 2-3 weeks?', NULL, NULL, NULL, 0, 1, '2023-01-19 18:22:27', NULL, NULL),
	(94, 3, 19, 2, 'LUN_SAL_2', 'Has the persistent coughing worsened?', NULL, NULL, NULL, 0, 1, '2023-01-19 18:23:08', NULL, NULL),
	(95, 3, 19, 3, 'LUN_SAL_3', 'Have you had recurring chest infections?', NULL, NULL, NULL, 0, 1, '2023-01-19 18:23:39', NULL, NULL),
	(96, 3, 19, 4, 'LUN_SAL_4', 'Have you coughed blood?', NULL, NULL, NULL, 0, 1, '2023-01-19 18:24:04', NULL, NULL),
	(97, 3, 19, 5, 'LUN_SAL_5', 'Have you felt pains or aches when breathing or coughing?', NULL, NULL, NULL, 0, 1, '2023-01-19 18:24:45', NULL, NULL),
	(98, 3, 19, 6, 'LUN_SAL_6', 'Do you consistently feel out or breath?', NULL, NULL, NULL, 0, 1, '2023-01-19 18:27:15', NULL, NULL),
	(99, 3, 19, 7, 'LUN_SAL_7', 'Do you experience consistent fatigue?', NULL, NULL, NULL, 0, 1, '2023-01-19 18:27:37', NULL, NULL),
	(100, 3, 19, 8, 'LUN_SAL_8', 'Have you experienced unexplained weight loss or lack of hunger?', NULL, NULL, NULL, 0, 1, '2023-01-19 18:28:24', NULL, NULL),
	(101, 3, 19, 9, 'LUN_SAL_9', 'Have you experienced finger clubbing?', NULL, NULL, NULL, 0, 1, '2023-01-19 18:29:49', NULL, NULL),
	(102, 3, 19, 10, 'LUN_SAL_10', 'Do you trouble (dysphagia) or pain when swallowing?', NULL, NULL, NULL, 0, 1, '2023-01-19 18:30:20', NULL, NULL),
	(103, 3, 19, 11, 'LUN_SAL_11', 'Do you experience wheezing?', NULL, NULL, NULL, 0, 1, '2023-01-19 18:31:12', NULL, NULL),
	(104, 3, 19, 12, 'LUN_SAL_12', 'Do you have trouble with hoarness of voice?', NULL, NULL, NULL, 0, 1, '2023-01-19 18:31:43', NULL, NULL),
	(105, 3, 19, 13, 'LUN_SAL_13', 'Do you have swelling n your face or neck?', NULL, NULL, NULL, 0, 1, '2023-01-19 18:32:10', NULL, NULL),
	(106, 3, 10, 1, 'LUN_DCT_1', 'Name of Healthcare Professional :', NULL, NULL, NULL, 0, 1, '2023-01-19 18:33:39', NULL, NULL),
	(107, 3, 10, 2, 'LUN_DCT_2', 'Designation of HCP : ', NULL, NULL, NULL, 0, 1, '2023-01-19 18:36:04', NULL, NULL),
	(108, 3, 10, 3, 'LUN_DCT_3', 'Registration Number of HCP :', NULL, NULL, NULL, 0, 1, '2023-01-19 18:36:23', NULL, NULL),
	(109, 3, 10, 4, 'LUN_DCT_4', 'Institution LDCT was performed at :', NULL, NULL, NULL, 0, 1, '2023-01-19 18:36:48', NULL, NULL),
	(110, 3, 10, 5, 'LUN_DCT_5', 'Comparison to previous examination(s):', NULL, NULL, NULL, 0, 1, '2023-01-19 18:37:28', NULL, NULL),
	(111, 3, 10, 6, 'LUN_DCT_6', 'If present, please elaborate:', NULL, NULL, NULL, 0, 1, '2023-01-19 18:38:14', NULL, NULL),
	(112, 3, 10, 8, 'LUN_DCT_8', 'Left Lung:', NULL, NULL, NULL, 0, 1, '2023-01-19 18:39:24', NULL, NULL),
	(113, 3, 10, 9, 'LUN_DCT_9', 'Right Lung:', NULL, NULL, NULL, 0, 1, '2023-01-19 18:39:44', NULL, NULL),
	(114, 3, 10, 10, 'LUN_DCT_10', 'Please upload a copy of your LDCT Scan report below', NULL, NULL, NULL, 0, 1, '2023-01-19 18:42:06', NULL, NULL),
	(115, 3, 12, 1, 'LUN_CXR_1', 'Name of Healthcare Professional :', NULL, NULL, NULL, 0, 1, '2023-01-19 18:42:45', NULL, NULL),
	(116, 3, 12, 2, 'LUN_CXR_2', 'Designation of HCP : ', NULL, NULL, NULL, 0, 1, '2023-01-19 18:43:11', NULL, NULL),
	(117, 3, 12, 3, 'LUN_CXR_3', 'Registration Number of HCP :', NULL, NULL, NULL, 0, 1, '2023-01-19 18:43:28', NULL, NULL),
	(118, 3, 12, 4, 'LUN_CXR_4', 'Institution Chest X-Ray was performed at :', NULL, NULL, NULL, 0, 1, '2023-01-19 18:43:44', NULL, NULL),
	(119, 3, 12, 5, 'LUN_CXR_5', 'Comparison to previous examination(s):', NULL, NULL, NULL, 0, 1, '2023-01-19 18:44:12', NULL, NULL),
	(120, 3, 12, 6, 'LUN_CXR_6', 'If present, please elaborate:', NULL, NULL, NULL, 0, 1, '2023-01-19 18:44:42', NULL, NULL),
	(121, 3, 10, 7, 'LUN_DCT_7', 'Assessment:', NULL, NULL, NULL, 0, 1, '2023-01-19 18:45:16', NULL, NULL),
	(122, 3, 12, 7, 'LUN_CXR_7', 'Assessment Position:', NULL, NULL, NULL, 0, 1, '2023-01-19 18:46:23', NULL, NULL),
	(123, 3, 12, 8, 'LUN_CXR_8', 'Assessment Inspiration:', NULL, NULL, NULL, 0, 1, '2023-01-19 18:47:27', NULL, NULL),
	(124, 3, 12, 9, 'LUN_CXR_9', 'Assessment Exposure:', NULL, NULL, NULL, 0, 1, '2023-01-19 18:47:47', NULL, NULL),
	(125, 3, 12, 10, 'LUN_CXR_10', 'Assessment Rotation:', NULL, NULL, NULL, 0, 1, '2023-01-19 18:48:18', NULL, NULL),
	(126, 3, 12, 11, 'LUN_CXR_11', 'Assessment Bones & Soft Tissue:', NULL, NULL, NULL, 0, 1, '2023-01-19 18:48:59', NULL, NULL),
	(127, 3, 12, 12, 'LUN_CXR_12', 'Assessment Cardiac Size:', NULL, NULL, NULL, 0, 1, '2023-01-19 18:49:15', NULL, NULL),
	(128, 3, 12, 13, 'LUN_CXR_13', 'Assessment Calcifications:', NULL, NULL, NULL, 0, 1, '2023-01-19 18:49:37', NULL, NULL),
	(129, 3, 12, 14, 'LUN_CXR_14', 'Assessment Prosthetic Valves:', NULL, NULL, NULL, 0, 1, '2023-01-19 18:50:07', NULL, NULL),
	(130, 3, 12, 15, 'LUN_CXR_15', 'Assessment Diaphragm Position:', NULL, NULL, NULL, 0, 1, '2023-01-19 18:50:26', NULL, NULL),
	(131, 3, 12, 16, 'LUN_CXR_16', 'Assessment Diaphragm Shape:', NULL, NULL, NULL, 0, 1, '2023-01-19 18:50:55', NULL, NULL),
	(132, 3, 12, 17, 'LUN_CXR_17', 'Assessment Free Gas:', NULL, NULL, NULL, 0, 1, '2023-01-19 18:51:29', NULL, NULL),
	(133, 3, 12, 18, 'LUN_CXR_18', 'Assessment Effusion:', NULL, NULL, NULL, 0, 1, '2023-01-19 18:51:50', NULL, NULL),
	(134, 3, 12, 19, 'LUN_CXR_19', 'Assessment Infiltrates:', NULL, NULL, NULL, 0, 1, '2023-01-19 18:52:09', NULL, NULL),
	(135, 3, 12, 20, 'LUN_CXR_20', 'Assessment Gastric:', NULL, NULL, NULL, 0, 1, '2023-01-19 18:52:37', NULL, NULL),
	(136, 3, 12, 21, 'LUN_CXR_21', 'Assessment Great Vessels:', NULL, NULL, NULL, 0, 1, '2023-01-19 18:53:32', NULL, NULL),
	(137, 3, 12, 22, 'LUN_CXR_22', 'Assessment Hila:', NULL, NULL, NULL, 0, 1, '2023-01-19 18:53:53', NULL, NULL),
	(138, 3, 12, 23, 'LUN_CXR_23', 'Assessment Mediastinum:', NULL, NULL, NULL, 0, 1, '2023-01-19 18:54:12', NULL, NULL),
	(139, 3, 12, 24, 'LUN_CXR_24', 'Assessment Masses:', NULL, NULL, NULL, 0, 1, '2023-01-19 18:54:32', NULL, NULL),
	(140, 3, 12, 25, 'LUN_CXR_25', 'Assessment Consolidation:', NULL, NULL, NULL, 0, 1, '2023-01-19 18:54:49', NULL, NULL),
	(141, 3, 12, 26, 'LUN_CXR_26', 'Assessment Pneumothoraces:', NULL, NULL, NULL, 0, 1, '2023-01-19 18:55:08', NULL, NULL),
	(142, 3, 12, 27, 'LUN_CXR_27', 'Assessment Vascular Markings:', NULL, NULL, NULL, 0, 1, '2023-01-19 18:55:28', NULL, NULL),
	(143, 3, 12, 28, 'LUN_CXR_28', 'Assessment Fissures:', NULL, NULL, NULL, 0, 1, '2023-01-19 18:55:51', NULL, NULL),
	(144, 3, 12, 29, 'LUN_CXR_28', 'Please upload a copy of your X-Ray report below', NULL, NULL, NULL, 0, 1, '2023-01-19 18:56:10', NULL, NULL),
	(145, 3, 11, 1, 'LUN_BRO_1', 'Name of Healthcare Professional :', NULL, NULL, NULL, 0, 1, '2023-01-19 18:57:13', NULL, NULL),
	(146, 3, 11, 2, 'LUN_BRO_2', 'Designation of HCP : ', NULL, NULL, NULL, 0, 1, '2023-01-19 18:57:27', NULL, NULL),
	(147, 3, 11, 3, 'LUN_BRO_3', 'Registration Number of HCP :', NULL, NULL, NULL, 0, 1, '2023-01-19 18:57:44', NULL, NULL),
	(148, 3, 11, 4, 'LUN_BRO_4', 'Institution Bronchoscopy was performed: ', NULL, NULL, NULL, 0, 1, '2023-01-19 18:58:05', NULL, NULL),
	(149, 3, 11, 5, 'LUN_BRO_5', 'Result of Bronchoscopy :', NULL, NULL, NULL, 0, 1, '2023-01-19 18:58:27', NULL, NULL),
	(150, 3, 11, 6, 'LUN_BRO_6', 'Please choose only 1 option:', NULL, NULL, NULL, 0, 1, '2023-01-19 18:59:37', NULL, NULL),
	(152, 2, 9, 5, 'BRE_MMG_5', 'Date mammogram was performed', '1', NULL, NULL, 0, 1, '2023-02-04 15:02:43', NULL, NULL),
	(153, 2, 9, 33, 'BRE_MMG_33', 'For the right breast, shape of the mass', '5', NULL, NULL, 0, 1, '2023-02-04 15:21:02', NULL, NULL),
	(154, 2, 9, 34, 'BRE_MMG_34', 'For the right breast, margin of the mass', '5', NULL, NULL, 0, 1, '2023-02-04 15:21:36', NULL, NULL),
	(155, 2, 9, 35, 'BRE_MMG_35', 'For the right breast, density of the mass', '5', NULL, NULL, 0, 1, '2023-02-04 15:22:30', NULL, NULL),
	(156, 2, 9, 36, 'BRE_MMG_36', 'For the left breast, shape of the mass', '5', NULL, NULL, 0, 1, '2023-02-04 15:22:57', NULL, NULL),
	(157, 2, 9, 37, 'BRE_MMG_37', 'For the left breast, margin of the mass', '5', NULL, NULL, 0, 1, '2023-02-04 15:23:16', NULL, NULL),
	(158, 2, 9, 38, 'BRE_MMG_38', 'For the left breast, density of the mass', '5', NULL, NULL, 0, 1, '2023-02-04 15:23:47', NULL, NULL),
	(159, 2, 9, 39, 'BRE_MMG_39', 'Distribution of calcification(s)', '5', NULL, NULL, 0, 1, '2023-02-04 15:25:33', NULL, NULL),
	(160, 2, 9, 40, 'BRE_MMG_40', 'Type of calcification(s)', '5', NULL, NULL, 0, 1, '2023-02-04 15:26:01', NULL, NULL),
	(161, 2, 9, 41, 'BRE_MMG_41', 'Typically benign', '5', NULL, NULL, 0, 1, '2023-02-04 15:26:43', NULL, NULL),
	(162, 2, 9, 42, 'BRE_MMG_42', 'Suspicious morphology', '5', NULL, NULL, 0, 1, '2023-02-04 15:27:27', NULL, NULL),
	(164, 2, 9, 47, 'BRE_MMG_47', 'Associated features', '6', NULL, NULL, 0, 1, '2023-02-04 15:49:31', NULL, NULL),
	(165, 2, 9, 51, 'BRE_MMG_51', 'Assessment for Left Breast', '6', NULL, NULL, 0, 1, '2023-02-04 15:51:56', NULL, NULL),
	(166, 2, 9, 52, 'BRE_MMG_52', 'Comparison to previous report', '6', NULL, NULL, 0, 1, '2023-02-04 15:53:07', NULL, NULL),
	(167, 2, 5, 7, 'BRE_CBE_7', 'Age of menarche (first period) :', '2', 'select', NULL, 0, 1, '2023-02-06 13:33:00', NULL, NULL),
	(168, 2, 5, 8, 'BRE_CBE_8', 'Age of first delivery :', '2', 'select', NULL, 0, 1, '2023-02-06 13:33:19', NULL, NULL),
	(169, 2, 5, 9, 'BRE_CBE_9', 'Last menstrual period :', '2', 'date', NULL, 0, 1, '2023-02-06 13:33:46', NULL, NULL),
	(170, 2, 5, 10, 'BRE_CBE_10', 'Age of menopause : ', '2', 'select', NULL, 0, 1, '2023-02-06 13:34:27', NULL, NULL),
	(171, 2, 5, 11, 'BRE_CBE_11', 'Use of contraception or hormones :', '2', 'radio', NULL, 0, 1, '2023-02-06 13:35:12', NULL, NULL),
	(172, 2, 5, 12, 'BRE_CBE_12', 'If Yes, please state what sort : ', '2', 'text', NULL, 0, 1, '2023-02-06 13:35:31', NULL, NULL),
	(173, 2, 5, 13, 'BRE_CBE_13', 'History of breast surgery :', '2', 'radio', NULL, 0, 1, '2023-02-06 13:35:49', NULL, NULL),
	(174, 2, 5, 14, 'BRE_CBE_14', 'Right breast nipples normal :', '3', 'radio', NULL, 0, 1, '2023-02-06 14:04:48', NULL, NULL),
	(175, 2, 5, 15, 'BRE_CBE_15', 'Right breast nipples inverted :', '3', 'radio', NULL, 0, 1, '2023-02-06 14:05:12', NULL, NULL),
	(176, 2, 5, 16, 'BRE_CBE_16', 'Right breast nipples cracked :', '3', 'radio', NULL, 0, 1, '2023-02-06 14:05:57', NULL, NULL),
	(177, 2, 5, 17, 'BRE_CBE_17', 'Right breast nipples discharged :', '3', 'radio', NULL, 0, 1, '2023-02-06 14:07:05', NULL, NULL),
	(178, 2, 5, 18, 'BRE_CBE_18', 'Right breast site (in o\'clock) :', '3', 'text', NULL, 0, 1, '2023-02-06 14:07:36', NULL, NULL),
	(179, 2, 5, 19, 'BRE_CBE_19', 'Right breast size (in cm) :', '3', 'text', NULL, 0, 1, '2023-02-06 14:09:00', NULL, NULL),
	(180, 2, 5, 20, 'BRE_CBE_20', 'Right breast shape :', '3', 'select', NULL, 0, 1, '2023-02-06 14:09:25', NULL, NULL),
	(181, 2, 5, 21, 'BRE_CBE_21', 'Right breast edges :', '3', 'select', NULL, 0, 1, '2023-02-06 14:09:44', NULL, NULL),
	(182, 2, 5, 22, 'BRE_CBE_22', 'Right breast consistency :', '3', 'select', NULL, 0, 1, '2023-02-06 16:16:48', NULL, NULL),
	(183, 2, 5, 23, 'BRE_CBE_23', 'Right breast mobile :', '3', 'radio', NULL, 0, 1, '2023-02-06 16:18:45', NULL, NULL),
	(184, 2, 5, 24, 'BRE_CBE_24', 'Right breast warm (increased temprature) :', '3', 'radio', NULL, 0, 1, '2023-02-06 16:19:12', NULL, NULL),
	(185, 2, 5, 25, 'BRE_CBE_25', 'Right breast painful :', '3', 'radio', NULL, 0, 1, '2023-02-06 16:19:36', NULL, NULL),
	(186, 2, 5, 26, 'BRE_CBE_26', 'Right breast tethered to skin :', '3', 'radio', NULL, 0, 1, '2023-02-06 16:20:01', NULL, NULL),
	(187, 2, 5, 27, 'BRE_CBE_27', 'Left breast nipples normal :', '4', 'radio', NULL, 0, 1, '2023-02-06 16:20:20', NULL, NULL),
	(188, 2, 5, 28, 'BRE_CBE_28', 'Left breast nipples inverted :', '4', 'radio', NULL, 0, 1, '2023-02-06 16:26:01', NULL, NULL),
	(189, 2, 5, 29, 'BRE_CBE_29', 'Left breast nipples cracked :', '4', 'radio', NULL, 0, 1, '2023-02-06 16:26:19', NULL, NULL),
	(190, 2, 5, 30, 'BRE_CBE_30', 'Left breast nipples discharged :', '4', NULL, NULL, 0, 1, '2023-02-06 16:27:37', NULL, NULL),
	(191, 2, 5, 31, 'BRE_CBE_31', 'Left breast site (in o\'clock) :', '4', 'text', NULL, 0, 1, '2023-02-06 17:29:34', NULL, NULL),
	(192, 2, 5, 32, 'BRE_CBE_32', 'Left breast size (in cm) :', '4', 'text', NULL, 0, 1, '2023-02-06 17:29:53', NULL, NULL),
	(193, 2, 5, 33, 'BRE_CBE_33', 'Left breast shape :', '4', 'select', NULL, 0, 1, '2023-02-06 17:30:48', NULL, NULL),
	(194, 2, 5, 34, 'BRE_CBE_34', 'Left breast edges :', '4', 'select', NULL, 0, 1, '2023-02-06 17:31:13', NULL, NULL),
	(195, 2, 5, 35, 'BRE_CBE_35', 'Left breast consistency :', '4', 'select', NULL, 0, 1, '2023-02-06 17:31:34', NULL, NULL),
	(196, 2, 5, 36, 'BRE_CBE_36', 'Left breast mobile :', '4', 'radio', NULL, 0, 1, '2023-02-06 17:32:05', NULL, NULL),
	(197, 2, 5, 37, 'BRE_CBE_37', 'Left breast warm (increased temprature) :', '4', 'radio', NULL, 0, 1, '2023-02-06 17:32:31', NULL, NULL),
	(198, 2, 5, 38, 'BRE_CBE_38', 'Left breast painful :', '4', 'radio', NULL, 0, 1, '2023-02-06 17:33:20', NULL, NULL),
	(199, 2, 5, 39, 'BRE_CBE_39', 'Left breast tethered to skin :', '4', 'radio', NULL, 0, 1, '2023-02-06 17:33:36', NULL, NULL),
	(200, 2, 5, 40, 'BRE_CBE_40', 'Breast nipple normal description : ', '5', 'text', NULL, 0, 1, '2023-02-06 17:34:19', NULL, NULL),
	(201, 2, 5, 41, 'BRE_CBE_41', 'Breast nipple inverted description :', '5', 'text', NULL, 0, 1, '2023-02-06 17:34:44', NULL, NULL),
	(202, 2, 5, 42, 'BRE_CBE_42', 'Breast nipple cracked description :', '5', 'text', NULL, 0, 1, '2023-02-06 17:35:13', NULL, NULL),
	(203, 2, 5, 43, 'BRE_CBE_43', 'Breast nipple discharged description :', '5', 'text', NULL, 0, 1, '2023-02-06 17:35:56', NULL, NULL),
	(204, 2, 5, 44, 'BRE_CBE_44', 'Breast site (in o\'clock) description :', '5', 'text', NULL, 0, 1, '2023-02-06 17:36:50', NULL, NULL),
	(205, 2, 5, 45, 'BRE_CBE_45', 'Breast size (in cm) description :', '5', 'text', NULL, 0, 1, '2023-02-06 17:37:36', NULL, NULL),
	(206, 2, 5, 46, 'BRE_CBE_46', 'Breast shape description :', '5', 'text', NULL, 0, 1, '2023-02-06 17:38:36', NULL, NULL),
	(207, 2, 5, 47, 'BRE_CBE_47', 'Breast edges description :', '5', 'text', NULL, 0, 1, '2023-02-06 17:39:08', NULL, NULL),
	(208, 2, 5, 48, 'BRE_CBE_48', 'Breast consistency description :', '5', 'text', NULL, 0, 1, '2023-02-06 17:39:34', NULL, NULL),
	(209, 2, 5, 49, 'BRE_CBE_49', 'Breast mobile description :', '5', 'text', NULL, 0, 1, '2023-02-06 17:40:03', NULL, NULL),
	(210, 2, 5, 50, 'BRE_CBE_50', 'Breast warm (increased temprature) description :', '5', 'text', NULL, 0, 1, '2023-02-06 17:40:39', NULL, NULL),
	(211, 2, 5, 51, 'BRE_CBE_51', 'Breast painful description :', '5', 'text', NULL, 0, 1, '2023-02-06 17:41:21', NULL, NULL),
	(212, 2, 5, 52, 'BRE_CBE_52', 'Breast tethered to skin description :', '5', 'text', NULL, 0, 1, '2023-02-06 17:41:41', NULL, NULL),
	(213, 2, 5, 53, 'BRE_CBE_53', 'Please upload a clear copy of your Clinical Breast Examination results : ', '5', 'file', NULL, 0, 1, '2023-02-06 17:43:02', NULL, NULL),
	(214, 2, 6, 7, 'BRE_IBR_7', 'Breast cancer survivor :', '1', 'radio', NULL, 0, 1, '2023-02-12 17:37:02', NULL, NULL),
	(215, 2, 6, 8, 'BRE_IBR_8', 'Examiner’s notes :', '1', 'textarea', NULL, 0, 1, '2023-02-12 17:37:48', NULL, NULL),
	(216, 2, 6, 9, 'BRE_IBR_9', 'iBreastExam Test Findings :', '1', 'checkbox', NULL, 0, 1, '2023-02-12 17:38:47', NULL, NULL),
	(217, 2, 6, 10, 'BRE_IBR_10', 'Right breast findings :', '1', 'select', NULL, 0, 1, '2023-02-12 09:55:46', NULL, NULL),
	(218, 2, 6, 11, 'BRE_IBR_11', 'Left breast findings :', '1', 'select', NULL, 0, 1, '2023-02-12 09:56:24', NULL, NULL),
	(219, 2, 6, 12, 'BRE_IBR_12', 'iBreast exam result: ', '1', 'select', NULL, 0, 1, '2023-02-12 09:57:25', NULL, NULL),
	(220, 2, 6, 13, 'BRE_IBR_13', 'Please upload a copy of your iBreast Examination results below', '1', 'file', NULL, 0, 1, '2023-02-12 09:57:42', NULL, NULL),
	(221, 2, 8, 12, 'BRE_CUT_12', 'Comparison to previous report:', '2', NULL, NULL, 0, 1, '2023-02-13 10:37:52', NULL, NULL),
	(222, 2, 8, 13, 'BRE_CUT_13', 'If Present, please elaborate : ', '2', NULL, NULL, 0, 1, '2023-02-13 10:38:34', NULL, NULL),
	(223, 2, 8, 14, 'BRE_CUT_14', 'Reason for Assessment : ', '2', NULL, NULL, 0, 1, '2023-02-13 10:39:02', NULL, NULL),
	(224, 2, 8, 15, 'BRE_CUT_15', 'Please upload a copy of your clinical ultrasound below :', '2', 'file', NULL, 0, 1, '2023-02-13 10:42:21', NULL, NULL);

-- Dumping structure for table app_cancerregistry_staging.m_assessment_sub_types
CREATE TABLE IF NOT EXISTS `m_assessment_sub_types` (
  `id` int(11) NOT NULL AUTO_INCREMENT,
  `assessment_sub_type_code` varchar(25) NOT NULL,
  `assessment_sub_type_name` varchar(100) NOT NULL,
  `is_obsolete` tinyint(4) NOT NULL DEFAULT '0',
  `created_by` int(11) NOT NULL DEFAULT '1',
  `created_date` datetime NOT NULL DEFAULT CURRENT_TIMESTAMP,
  `updated_by` int(11) DEFAULT NULL,
  `updated_date` datetime DEFAULT NULL,
  PRIMARY KEY (`id`)
) ENGINE=InnoDB AUTO_INCREMENT=4 DEFAULT CHARSET=utf8mb4;

-- Dumping data for table app_cancerregistry_staging.m_assessment_sub_types: ~3 rows (approximately)
INSERT INTO `m_assessment_sub_types` (`id`, `assessment_sub_type_code`, `assessment_sub_type_name`, `is_obsolete`, `created_by`, `created_date`, `updated_by`, `updated_date`) VALUES
	(1, 'self', 'Self', 0, 1, '2023-01-08 07:24:48', NULL, NULL),
	(2, 'clinical', 'Clinical', 0, 1, '2023-01-08 07:24:48', NULL, NULL),
	(3, 'other', 'Other', 0, 1, '2023-01-08 07:24:48', NULL, NULL);

-- Dumping structure for table app_cancerregistry_staging.m_assessment_tools
CREATE TABLE IF NOT EXISTS `m_assessment_tools` (
  `id` int(11) NOT NULL AUTO_INCREMENT,
  `assessment_tool_code` varchar(50) NOT NULL,
  `assessment_tool` varchar(50) DEFAULT NULL,
  `assessment_tool_name` varchar(255) DEFAULT NULL,
  `assessment_types_id` int(11) DEFAULT NULL,
  `assessment_sub_type_id` int(11) DEFAULT NULL,
  `is_obsolete` tinyint(4) NOT NULL DEFAULT '0',
  `created_by` int(11) NOT NULL DEFAULT '1',
  `created_date` datetime NOT NULL DEFAULT CURRENT_TIMESTAMP,
  `updated_by` int(11) DEFAULT NULL,
  `updated_date` int(11) DEFAULT NULL,
  PRIMARY KEY (`id`),
  UNIQUE KEY `assessment_tool_code` (`assessment_tool_code`)
) ENGINE=InnoDB AUTO_INCREMENT=25 DEFAULT CHARSET=utf8mb4;

-- Dumping data for table app_cancerregistry_staging.m_assessment_tools: ~24 rows (approximately)
INSERT INTO `m_assessment_tools` (`id`, `assessment_tool_code`, `assessment_tool`, `assessment_tool_name`, `assessment_types_id`, `assessment_sub_type_id`, `is_obsolete`, `created_by`, `created_date`, `updated_by`, `updated_date`) VALUES
	(1, 'SYP', 'symptom_assessment', 'Symptom Assessment', 2, 1, 0, 1, '2023-01-08 16:45:51', NULL, NULL),
	(2, 'RSK', 'risk_assessment', 'Risk Assessment', 2, 1, 0, 1, '2023-01-08 16:45:51', NULL, NULL),
	(3, 'COY', 'colonoscopy', 'Colonoscopy', 1, 2, 0, 1, '2023-01-08 16:45:51', NULL, NULL),
	(4, 'IFB', 'ifobt', 'iFOBT', 1, 2, 0, 1, '2023-01-08 16:45:51', NULL, NULL),
	(5, 'CBE', 'clinical_breast_examination', 'Clinical Breast Examination', 2, 2, 0, 1, '2023-01-08 16:45:51', NULL, NULL),
	(6, 'IBR', 'i_breast', 'iBREAST', 2, 2, 0, 1, '2023-01-08 16:45:51', NULL, NULL),
	(7, 'PCU', 'point_of_care_ultrasound', 'Point of Care Ultrasound', 2, 2, 1, 1, '2023-01-08 16:45:51', NULL, NULL),
	(8, 'CUT', 'clinical_ultrasound', 'Clinical Ultrasound', 2, 2, 0, 1, '2023-01-08 16:45:51', NULL, NULL),
	(9, 'MMG', 'mammogram', 'Mammogram', 2, 2, 0, 1, '2023-01-08 16:45:51', NULL, NULL),
	(10, 'DCT', 'low_dose_ct_scan', 'Low Dose CT Scan', 3, 1, 0, 1, '2023-01-08 16:45:51', NULL, NULL),
	(11, 'BRO', 'bronchoscopy', 'Bronchoscopy', 3, 2, 0, 1, '2023-01-08 16:45:51', NULL, NULL),
	(12, 'CXR', 'chest_x_ray', 'Chest X Ray', 3, 3, 0, 1, '2023-01-08 16:45:51', NULL, NULL),
	(13, 'PSA', 'prostate_specific_antigen', 'Prostate Specific Antigen', 4, 2, 0, 1, '2023-01-08 16:45:51', NULL, NULL),
	(14, 'DCE', 'digital_rectal_examination', 'Digital Rectal Examination', 4, 2, 0, 1, '2023-01-08 16:45:51', NULL, NULL),
	(15, 'PUT', 'prostate_ultrasound', 'Prostate Ultrasound', 4, 3, 0, 1, '2023-01-08 16:45:51', NULL, NULL),
	(16, 'PAP', 'pap_smear', 'Pap Smear', 5, 2, 0, 1, '2023-01-08 16:45:51', NULL, NULL),
	(17, 'HPV', 'hpv_dna', 'HPV DNA', 5, 2, 0, 1, '2023-01-08 16:45:51', NULL, NULL),
	(18, 'CCY', 'colposcopy', 'Colposcopy', 5, 3, 0, 1, '2023-01-08 16:45:51', NULL, NULL),
	(19, 'SAL', 'symptom_assessment', 'Symptom Assessment', 3, 1, 0, 1, '2023-01-17 22:04:08', NULL, NULL),
	(20, 'SAC', 'symptom_assessment', 'Symptom Assessment', 1, 1, 0, 1, '2023-01-17 22:05:21', NULL, NULL),
	(21, 'RSC', 'risk_assessment', 'Risk Assessment', 1, 1, 0, 1, '2023-01-17 22:05:47', NULL, NULL),
	(22, 'SAP', 'symptom_assessment', 'Symptom Assessment', 4, 1, 0, 1, '2023-01-17 22:07:13', NULL, NULL),
	(23, 'MRI', 'mri', 'MRI', 4, 3, 0, 1, '2023-01-17 22:08:27', NULL, NULL),
	(24, 'SAV', 'symptom_assessment', 'Symptom Assessment', 5, 1, 0, 1, '2023-01-17 22:09:23', NULL, NULL);

-- Dumping structure for table app_cancerregistry_staging.m_assessment_types
CREATE TABLE IF NOT EXISTS `m_assessment_types` (
  `id` int(11) NOT NULL AUTO_INCREMENT,
  `assessment_type_code` varchar(10) NOT NULL,
  `assessment_type` varchar(100) DEFAULT NULL,
  `assessment_type_id` int(11) NOT NULL,
  `is_obsolete` tinyint(4) NOT NULL DEFAULT '0',
  `created_by` int(11) NOT NULL DEFAULT '1',
  `created_date` datetime NOT NULL DEFAULT CURRENT_TIMESTAMP,
  `updated_by` int(11) DEFAULT NULL,
  `updated_date` datetime DEFAULT NULL,
  PRIMARY KEY (`id`),
  UNIQUE KEY `assessment_type_id` (`assessment_type_id`),
  UNIQUE KEY `assessment_type_code` (`assessment_type_code`)
) ENGINE=InnoDB AUTO_INCREMENT=6 DEFAULT CHARSET=utf8mb4;

-- Dumping data for table app_cancerregistry_staging.m_assessment_types: ~5 rows (approximately)
INSERT INTO `m_assessment_types` (`id`, `assessment_type_code`, `assessment_type`, `assessment_type_id`, `is_obsolete`, `created_by`, `created_date`, `updated_by`, `updated_date`) VALUES
	(1, 'COL', 'colorectal_cancer', 1, 0, 1, '2023-01-08 16:49:09', NULL, NULL),
	(2, 'BRE', 'breast_cancer', 2, 0, 1, '2023-01-08 16:49:09', NULL, NULL),
	(3, 'LUN', 'lungs_cancer', 3, 0, 1, '2023-01-08 16:49:09', NULL, NULL),
	(4, 'PRO', 'prostate_cancer', 4, 0, 1, '2023-01-08 16:49:09', NULL, NULL),
	(5, 'CER', 'cervical_cancer', 5, 0, 1, '2023-01-08 16:49:09', NULL, NULL);

-- Dumping structure for table app_cancerregistry_staging.m_associatedfeatures
CREATE TABLE IF NOT EXISTS `m_associatedfeatures` (
  `id` tinyint(4) NOT NULL AUTO_INCREMENT,
  `associated_feature` varchar(100) NOT NULL DEFAULT '0',
  `is_obsolete` tinyint(4) NOT NULL DEFAULT '0',
  `created_by` tinyint(4) NOT NULL DEFAULT '1',
  `created_date` datetime NOT NULL DEFAULT CURRENT_TIMESTAMP,
  `updated_by` tinyint(4) DEFAULT NULL,
  `updated_date` datetime DEFAULT NULL,
  PRIMARY KEY (`id`)
) ENGINE=InnoDB AUTO_INCREMENT=9 DEFAULT CHARSET=utf8;

-- Dumping data for table app_cancerregistry_staging.m_associatedfeatures: ~8 rows (approximately)
INSERT INTO `m_associatedfeatures` (`id`, `associated_feature`, `is_obsolete`, `created_by`, `created_date`, `updated_by`, `updated_date`) VALUES
	(1, 'None', 0, 1, '2023-02-10 14:43:21', NULL, NULL),
	(2, 'Skin retraction', 0, 1, '2023-02-10 14:43:32', NULL, NULL),
	(3, 'Nipple retraction', 0, 1, '2023-02-10 14:43:43', NULL, NULL),
	(4, 'Skin thickening', 0, 1, '2023-02-10 14:43:54', NULL, NULL),
	(5, 'Trabecular thickening', 0, 1, '2023-02-10 14:44:03', NULL, NULL),
	(6, 'Axillary adenopathy', 0, 1, '2023-02-10 14:44:15', NULL, NULL),
	(7, 'Architectural distortion', 0, 1, '2023-02-10 14:44:27', NULL, NULL),
	(8, 'Calcifications', 0, 1, '2023-02-10 14:44:38', NULL, NULL);

-- Dumping structure for table app_cancerregistry_staging.m_birads_category
CREATE TABLE IF NOT EXISTS `m_birads_category` (
  `id` tinyint(4) NOT NULL AUTO_INCREMENT,
  `birads_category` varchar(100) NOT NULL DEFAULT '',
  `birads_next_step` varchar(300) NOT NULL DEFAULT '',
  `is_obsolete` tinyint(4) NOT NULL DEFAULT '0',
  `created_by` tinyint(4) NOT NULL DEFAULT '1',
  `created_date` datetime NOT NULL DEFAULT CURRENT_TIMESTAMP,
  `updated_by` tinyint(4) DEFAULT NULL,
  `updated_date` datetime DEFAULT NULL,
  PRIMARY KEY (`id`)
) ENGINE=InnoDB AUTO_INCREMENT=8 DEFAULT CHARSET=utf8;

-- Dumping data for table app_cancerregistry_staging.m_birads_category: ~7 rows (approximately)
INSERT INTO `m_birads_category` (`id`, `birads_category`, `birads_next_step`, `is_obsolete`, `created_by`, `created_date`, `updated_by`, `updated_date`) VALUES
	(1, 'BIRADS 0', 'Need additional imaging evaluation', 0, 1, '2023-02-04 09:16:40', NULL, NULL),
	(2, 'BIRADS 1', 'Routine mammogram follow up', 0, 1, '2023-02-04 09:17:00', NULL, NULL),
	(3, 'BIRADS 2', 'Routine mammogram follow up', 0, 1, '2023-02-04 09:17:08', NULL, NULL),
	(4, 'BIRADS 3', 'Short term follow up at 6 and 12 months', 0, 1, '2023-02-04 09:17:32', NULL, NULL),
	(5, 'BIRADS 4', 'Biopsy should be considered', 0, 1, '2023-02-04 09:17:49', NULL, NULL),
	(6, 'BIRADS 5', 'Biopsy is indicated', 0, 1, '2023-02-04 09:17:56', NULL, NULL),
	(7, 'BIRADS 6', 'Chemotheraph, radiotheraphy and /or surgery', 0, 1, '2023-02-04 09:18:28', NULL, NULL);

-- Dumping structure for table app_cancerregistry_staging.m_bloodgroup
CREATE TABLE IF NOT EXISTS `m_bloodgroup` (
  `id` tinyint(4) NOT NULL AUTO_INCREMENT,
  `bloodgroup_name` varchar(50) NOT NULL DEFAULT '',
  `is_obsolete` tinyint(4) NOT NULL DEFAULT '0',
  `created_by` int(11) NOT NULL DEFAULT '1',
  `created_date` datetime NOT NULL DEFAULT CURRENT_TIMESTAMP,
  `updated_by` int(11) DEFAULT NULL,
  `updated_date` datetime DEFAULT NULL,
  PRIMARY KEY (`id`)
) ENGINE=InnoDB AUTO_INCREMENT=9 DEFAULT CHARSET=utf8;

-- Dumping data for table app_cancerregistry_staging.m_bloodgroup: ~8 rows (approximately)
INSERT INTO `m_bloodgroup` (`id`, `bloodgroup_name`, `is_obsolete`, `created_by`, `created_date`, `updated_by`, `updated_date`) VALUES
	(1, 'A+', 0, 1, '2023-01-08 17:30:10', NULL, NULL),
	(2, 'A-', 0, 1, '2023-01-08 17:30:17', NULL, NULL),
	(3, 'B+', 0, 1, '2023-01-08 17:30:22', NULL, NULL),
	(4, 'B-', 0, 1, '2023-01-08 17:30:26', NULL, NULL),
	(5, 'AB+', 0, 1, '2023-01-08 17:30:33', NULL, NULL),
	(6, 'AB-', 0, 1, '2023-01-08 17:30:37', NULL, NULL),
	(7, 'O+', 0, 1, '2023-01-08 17:30:43', NULL, NULL),
	(8, 'O-', 0, 1, '2023-01-08 17:30:50', NULL, NULL);

-- Dumping structure for table app_cancerregistry_staging.m_breast_composition
CREATE TABLE IF NOT EXISTS `m_breast_composition` (
  `id` tinyint(4) NOT NULL AUTO_INCREMENT,
  `composition` varchar(200) NOT NULL DEFAULT '',
  `is_obsolete` tinyint(4) NOT NULL DEFAULT '0',
  `created_by` tinyint(4) NOT NULL DEFAULT '1',
  `created_date` datetime NOT NULL DEFAULT CURRENT_TIMESTAMP,
  `updated_by` tinyint(4) DEFAULT NULL,
  `updated_date` datetime DEFAULT NULL,
  PRIMARY KEY (`id`)
) ENGINE=InnoDB AUTO_INCREMENT=5 DEFAULT CHARSET=utf8;

-- Dumping data for table app_cancerregistry_staging.m_breast_composition: ~4 rows (approximately)
INSERT INTO `m_breast_composition` (`id`, `composition`, `is_obsolete`, `created_by`, `created_date`, `updated_by`, `updated_date`) VALUES
	(1, 'The breasts are  almost entirely fatty', 0, 1, '2023-02-04 08:50:15', NULL, NULL),
	(2, 'There are scattered areas of fibroglandular density', 0, 1, '2023-02-04 08:50:27', NULL, NULL),
	(3, 'The breasts are heterogeneously dense, which may obscure small masses​', 0, 1, '2023-02-04 08:50:34', NULL, NULL),
	(4, 'The breasts are extremely dense, which lowers the sensitivity of mammography', 0, 1, '2023-02-04 08:50:40', NULL, NULL);

-- Dumping structure for table app_cancerregistry_staging.m_breast_consistency
CREATE TABLE IF NOT EXISTS `m_breast_consistency` (
  `id` tinyint(4) NOT NULL AUTO_INCREMENT,
  `consistency` varchar(150) NOT NULL DEFAULT '',
  `is_obsolete` tinyint(4) NOT NULL DEFAULT '0',
  `created_by` tinyint(4) NOT NULL DEFAULT '1',
  `created_date` datetime NOT NULL DEFAULT CURRENT_TIMESTAMP,
  `updated_by` tinyint(4) DEFAULT NULL,
  `updated_date` datetime DEFAULT NULL,
  PRIMARY KEY (`id`)
) ENGINE=InnoDB AUTO_INCREMENT=4 DEFAULT CHARSET=utf8;

-- Dumping data for table app_cancerregistry_staging.m_breast_consistency: ~3 rows (approximately)
INSERT INTO `m_breast_consistency` (`id`, `consistency`, `is_obsolete`, `created_by`, `created_date`, `updated_by`, `updated_date`) VALUES
	(1, 'soft', 0, 1, '2023-02-06 08:57:19', NULL, NULL),
	(2, 'firm', 0, 1, '2023-02-06 08:57:24', NULL, NULL),
	(3, 'hard', 0, 1, '2023-02-06 08:57:27', NULL, NULL);

-- Dumping structure for table app_cancerregistry_staging.m_breast_edges
CREATE TABLE IF NOT EXISTS `m_breast_edges` (
  `id` tinyint(4) NOT NULL AUTO_INCREMENT,
  `edges` varchar(100) NOT NULL DEFAULT '',
  `is_obsolete` tinyint(4) NOT NULL DEFAULT '0',
  `created_by` tinyint(4) NOT NULL DEFAULT '1',
  `created_date` datetime NOT NULL DEFAULT CURRENT_TIMESTAMP,
  `updated_by` tinyint(4) DEFAULT NULL,
  `updated_date` datetime DEFAULT NULL,
  PRIMARY KEY (`id`)
) ENGINE=InnoDB AUTO_INCREMENT=4 DEFAULT CHARSET=utf8;

-- Dumping data for table app_cancerregistry_staging.m_breast_edges: ~3 rows (approximately)
INSERT INTO `m_breast_edges` (`id`, `edges`, `is_obsolete`, `created_by`, `created_date`, `updated_by`, `updated_date`) VALUES
	(1, 'circumsribed', 0, 1, '2023-02-06 16:47:43', NULL, NULL),
	(2, 'obscured', 0, 1, '2023-02-06 08:48:10', NULL, NULL),
	(3, 'ill-defined', 0, 1, '2023-02-06 08:48:21', NULL, NULL);

-- Dumping structure for table app_cancerregistry_staging.m_breast_findings
CREATE TABLE IF NOT EXISTS `m_breast_findings` (
  `id` tinyint(4) NOT NULL AUTO_INCREMENT,
  `findings` varchar(100) NOT NULL DEFAULT '',
  `is_obsolete` tinyint(4) NOT NULL DEFAULT '0',
  `created_by` tinyint(4) NOT NULL DEFAULT '1',
  `created_date` datetime NOT NULL DEFAULT CURRENT_TIMESTAMP,
  `updated_by` tinyint(4) DEFAULT NULL,
  `updated_date` datetime DEFAULT NULL,
  PRIMARY KEY (`id`)
) ENGINE=InnoDB AUTO_INCREMENT=7 DEFAULT CHARSET=utf8;

-- Dumping data for table app_cancerregistry_staging.m_breast_findings: ~6 rows (approximately)
INSERT INTO `m_breast_findings` (`id`, `findings`, `is_obsolete`, `created_by`, `created_date`, `updated_by`, `updated_date`) VALUES
	(1, 'None', 0, 1, '2023-02-13 18:15:42', NULL, NULL),
	(2, 'Upper outer', 0, 1, '2023-02-13 18:15:52', NULL, NULL),
	(3, 'Lower outer', 0, 1, '2023-02-13 18:16:01', NULL, NULL),
	(4, 'Upper inner', 0, 1, '2023-02-13 18:16:09', NULL, NULL),
	(5, 'Lower inner', 0, 1, '2023-02-13 18:16:17', NULL, NULL),
	(6, 'Around Areola', 0, 1, '2023-02-13 18:16:23', NULL, NULL);

-- Dumping structure for table app_cancerregistry_staging.m_breast_shape
CREATE TABLE IF NOT EXISTS `m_breast_shape` (
  `id` tinyint(4) NOT NULL AUTO_INCREMENT,
  `shape` varchar(100) NOT NULL DEFAULT '',
  `is_obsolete` tinyint(4) NOT NULL DEFAULT '0',
  `created_by` tinyint(4) NOT NULL DEFAULT '1',
  `created_date` datetime NOT NULL DEFAULT CURRENT_TIMESTAMP,
  `updated_by` tinyint(4) DEFAULT NULL,
  `updated_date` datetime DEFAULT NULL,
  PRIMARY KEY (`id`)
) ENGINE=InnoDB AUTO_INCREMENT=4 DEFAULT CHARSET=utf8;

-- Dumping data for table app_cancerregistry_staging.m_breast_shape: ~3 rows (approximately)
INSERT INTO `m_breast_shape` (`id`, `shape`, `is_obsolete`, `created_by`, `created_date`, `updated_by`, `updated_date`) VALUES
	(1, 'round', 0, 1, '2023-02-06 16:40:06', NULL, NULL),
	(2, 'oval', 0, 1, '2023-02-06 16:40:11', NULL, NULL),
	(3, 'irregular', 0, 1, '2023-02-06 16:40:21', NULL, NULL);

-- Dumping structure for table app_cancerregistry_staging.m_country
CREATE TABLE IF NOT EXISTS `m_country` (
  `id` int(11) NOT NULL AUTO_INCREMENT,
  `country_name` varchar(200) NOT NULL DEFAULT '',
  `is_obsolete` tinyint(4) NOT NULL DEFAULT '0',
  `created_by` int(11) NOT NULL DEFAULT '0',
  `created_date` datetime NOT NULL DEFAULT CURRENT_TIMESTAMP,
  `updated_by` int(11) DEFAULT NULL,
  `updated_date` datetime DEFAULT NULL,
  PRIMARY KEY (`id`)
) ENGINE=InnoDB AUTO_INCREMENT=2 DEFAULT CHARSET=utf8;

-- Dumping data for table app_cancerregistry_staging.m_country: ~0 rows (approximately)
INSERT INTO `m_country` (`id`, `country_name`, `is_obsolete`, `created_by`, `created_date`, `updated_by`, `updated_date`) VALUES
	(1, 'Malaysia', 0, 1, '2023-01-08 17:22:38', NULL, NULL);

-- Dumping structure for table app_cancerregistry_staging.m_educationlevel
CREATE TABLE IF NOT EXISTS `m_educationlevel` (
  `id` tinyint(4) NOT NULL AUTO_INCREMENT,
  `education_level` varchar(250) NOT NULL DEFAULT '',
  `is_obsolete` tinyint(4) NOT NULL DEFAULT '0',
  `created_by` tinyint(4) NOT NULL DEFAULT '1',
  `created_date` datetime NOT NULL DEFAULT CURRENT_TIMESTAMP,
  `updated_by` tinyint(4) DEFAULT NULL,
  `updated_date` datetime DEFAULT NULL,
  PRIMARY KEY (`id`)
) ENGINE=InnoDB AUTO_INCREMENT=8 DEFAULT CHARSET=utf8;

-- Dumping data for table app_cancerregistry_staging.m_educationlevel: ~7 rows (approximately)
INSERT INTO `m_educationlevel` (`id`, `education_level`, `is_obsolete`, `created_by`, `created_date`, `updated_by`, `updated_date`) VALUES
	(1, 'No formal education', 0, 1, '2023-02-03 01:24:36', NULL, NULL),
	(2, 'Primary', 0, 1, '2023-02-03 01:24:44', NULL, NULL),
	(3, 'Secondary', 0, 1, '2023-02-03 01:24:51', NULL, NULL),
	(4, 'Foundation/Diploma or equivalent', 0, 1, '2023-02-03 01:24:58', NULL, NULL),
	(5, 'Degree', 0, 1, '2023-02-03 01:25:04', NULL, NULL),
	(6, 'Master', 0, 1, '2023-02-03 01:25:10', NULL, NULL),
	(7, 'PHD', 0, 1, '2023-02-03 01:25:15', NULL, NULL);

-- Dumping structure for table app_cancerregistry_staging.m_facility
CREATE TABLE IF NOT EXISTS `m_facility` (
  `id` int(11) NOT NULL AUTO_INCREMENT,
  `facility_code` varchar(20) NOT NULL DEFAULT '',
  `facility_name` varchar(200) NOT NULL DEFAULT '',
  `address1` varchar(300) NOT NULL DEFAULT '',
  `address2` varchar(300) DEFAULT '',
  `address3` varchar(300) DEFAULT '',
  `postcode` varchar(25) NOT NULL DEFAULT '',
  `city` varchar(200) NOT NULL DEFAULT '',
  `stateid` int(11) NOT NULL DEFAULT '0',
  `countryid` int(11) NOT NULL DEFAULT '0',
  `phonenumber1` varchar(40) DEFAULT '0',
  `phonenumber2` varchar(40) DEFAULT '0',
  `faxnumber` varchar(40) DEFAULT '0',
  `emailaddress` varchar(100) DEFAULT '0',
  `website` varchar(300) DEFAULT '0',
  `contactperson` varchar(300) DEFAULT '0',
  `registration_number` varchar(250) DEFAULT '0',
  `is_obsolete` tinyint(4) NOT NULL DEFAULT '0',
  `created_by` int(11) NOT NULL DEFAULT '1',
  `created_date` datetime NOT NULL DEFAULT CURRENT_TIMESTAMP,
  `is_superadmin` int(11) DEFAULT NULL,
  PRIMARY KEY (`id`)
) ENGINE=InnoDB AUTO_INCREMENT=4 DEFAULT CHARSET=utf8;

-- Dumping data for table app_cancerregistry_staging.m_facility: ~3 rows (approximately)
INSERT INTO `m_facility` (`id`, `facility_code`, `facility_name`, `address1`, `address2`, `address3`, `postcode`, `city`, `stateid`, `countryid`, `phonenumber1`, `phonenumber2`, `faxnumber`, `emailaddress`, `website`, `contactperson`, `registration_number`, `is_obsolete`, `created_by`, `created_date`, `is_superadmin`) VALUES
	(1, 'NCSM-Sarawak Branch', 'NCSM-Sarawak Branch', 'No. 186, First Floor,Jalan Nyiur,Off Jalan Tabuan,', '', '', '93200 ', 'Kuching', 16, 1, '03-7878900', '0', '0', '0', '0', '0', 'ABCD123', 0, 1, '2023-03-02 09:55:35', NULL),
	(2, 'NCSM-Penang Branch', 'NCSM-Penang Branch', 'Lot 63, Lorong Ratau Sari 12, Jalan Maju,', '', '', '68100', 'Cyberjaya', 16, 1, '03-54321900', '0', '0', '0', '0', '0', 'XSDFO0000', 0, 1, '2023-03-02 10:05:23', NULL),
	(3, 'NCSM-HQ', 'NCSM - HQ', '66, Jalan Raja Muda Abdul Aziz,', '', '', '50300 ', 'Kuala Lumpur', 10, 1, '03-2698 7300', '0', '0', '0', '0', '0', 'NCSM-HQ-001', 0, 1, '2023-03-13 20:48:19', 1);

-- Dumping structure for table app_cancerregistry_staging.m_gender
CREATE TABLE IF NOT EXISTS `m_gender` (
  `id` tinyint(4) NOT NULL AUTO_INCREMENT,
  `gender` varchar(20) NOT NULL DEFAULT '0',
  `is_obsolete` tinyint(4) NOT NULL DEFAULT '0',
  `created_by` tinyint(4) NOT NULL DEFAULT '1',
  `created_date` datetime NOT NULL DEFAULT CURRENT_TIMESTAMP,
  `updated_by` tinyint(4) DEFAULT NULL,
  `updated_date` datetime DEFAULT NULL,
  PRIMARY KEY (`id`)
) ENGINE=InnoDB AUTO_INCREMENT=4 DEFAULT CHARSET=utf8;

-- Dumping data for table app_cancerregistry_staging.m_gender: ~3 rows (approximately)
INSERT INTO `m_gender` (`id`, `gender`, `is_obsolete`, `created_by`, `created_date`, `updated_by`, `updated_date`) VALUES
	(1, 'Male', 0, 1, '2023-01-08 17:29:18', NULL, NULL),
	(2, 'Female', 0, 1, '2023-01-08 17:29:25', NULL, NULL),
	(3, 'Other', 0, 1, '2023-01-08 17:29:37', NULL, NULL);

-- Dumping structure for table app_cancerregistry_staging.m_globalsetting
CREATE TABLE IF NOT EXISTS `m_globalsetting` (
  `id` int(11) NOT NULL AUTO_INCREMENT,
  `keyname` varchar(300) NOT NULL DEFAULT '',
  `keyvalue` varchar(500) NOT NULL DEFAULT '',
  `description` varchar(500) NOT NULL DEFAULT '',
  `is_obsolete` tinyint(4) NOT NULL DEFAULT '0',
  `created_by` int(11) NOT NULL DEFAULT '1',
  `created_date` datetime NOT NULL DEFAULT CURRENT_TIMESTAMP,
  `updated_by` int(11) DEFAULT NULL,
  `updated_date` datetime DEFAULT NULL,
  PRIMARY KEY (`id`)
) ENGINE=InnoDB AUTO_INCREMENT=10 DEFAULT CHARSET=utf8;

-- Dumping data for table app_cancerregistry_staging.m_globalsetting: ~8 rows (approximately)
INSERT INTO `m_globalsetting` (`id`, `keyname`, `keyvalue`, `description`, `is_obsolete`, `created_by`, `created_date`, `updated_by`, `updated_date`) VALUES
	(1, 'DateFormat', 'dd/MM/yyyy', 'Date format', 0, 1, '2023-01-08 17:28:02', NULL, NULL),
	(2, 'TimeFormat', 'hh:mm tt', 'Time format', 0, 1, '2023-01-08 17:28:28', NULL, NULL),
	(3, 'PatientReferralPrefix', 'PN', 'Prefix for patient id', 0, 1, '2023-01-12 16:21:48', NULL, NULL),
	(4, 'SMTP_User', 'ncsm.official', 'SMTP Email', 0, 1, '2023-01-24 14:47:44', NULL, NULL),
	(5, 'SMTP_PASS', 'tkfbugonlrsrupyp', 'SMTP Password', 0, 1, '2023-01-24 14:48:28', NULL, NULL),
	(6, 'SMTP_PORT', '587', 'SMTP Port', 0, 1, '2023-01-24 14:48:45', NULL, NULL),
	(7, 'SMTP_SECURE', 'tls', 'SMTP SECURE', 0, 1, '2023-01-24 14:49:04', NULL, NULL),
	(8, 'SMTP_HOST', 'smtp.gmail.com', 'SMTP HOST', 0, 1, '2023-01-24 14:49:19', NULL, NULL),
	(9, 'Portal_URL', 'http://portal.cancer.org.my/cr-demo/cancerregistry/', 'Portal URL for patient to login', 0, 1, '2023-03-13 15:54:18', NULL, NULL);

-- Dumping structure for table app_cancerregistry_staging.m_healthcare_professional_role
CREATE TABLE IF NOT EXISTS `m_healthcare_professional_role` (
  `id` tinyint(4) NOT NULL AUTO_INCREMENT,
  `healthcare_professional_role` varchar(100) NOT NULL DEFAULT '',
  `is_obsolete` tinyint(4) NOT NULL DEFAULT '0',
  `created_by` tinyint(4) NOT NULL DEFAULT '1',
  `created_date` datetime NOT NULL DEFAULT CURRENT_TIMESTAMP,
  `updated_by` tinyint(4) DEFAULT NULL,
  `updated_date` datetime DEFAULT NULL,
  PRIMARY KEY (`id`)
) ENGINE=InnoDB AUTO_INCREMENT=4 DEFAULT CHARSET=utf8;

-- Dumping data for table app_cancerregistry_staging.m_healthcare_professional_role: ~3 rows (approximately)
INSERT INTO `m_healthcare_professional_role` (`id`, `healthcare_professional_role`, `is_obsolete`, `created_by`, `created_date`, `updated_by`, `updated_date`) VALUES
	(1, 'Doctor', 0, 1, '2023-02-04 16:06:14', NULL, NULL),
	(2, 'Nurse', 0, 1, '2023-02-04 16:06:20', NULL, NULL),
	(3, 'Others', 0, 1, '2023-02-04 16:06:25', NULL, NULL);

-- Dumping structure for table app_cancerregistry_staging.m_mammogram_procedure
CREATE TABLE IF NOT EXISTS `m_mammogram_procedure` (
  `id` tinyint(4) NOT NULL AUTO_INCREMENT,
  `procedure` varchar(200) NOT NULL DEFAULT '',
  `is_obsolete` tinyint(4) NOT NULL DEFAULT '0',
  `created_by` tinyint(4) NOT NULL DEFAULT '1',
  `created_date` datetime NOT NULL DEFAULT CURRENT_TIMESTAMP,
  `updated_by` tinyint(4) DEFAULT NULL,
  `updated_date` datetime DEFAULT NULL,
  PRIMARY KEY (`id`)
) ENGINE=InnoDB AUTO_INCREMENT=5 DEFAULT CHARSET=utf8;

-- Dumping data for table app_cancerregistry_staging.m_mammogram_procedure: ~4 rows (approximately)
INSERT INTO `m_mammogram_procedure` (`id`, `procedure`, `is_obsolete`, `created_by`, `created_date`, `updated_by`, `updated_date`) VALUES
	(1, '3D mammogram with tomosynthesis', 0, 1, '2023-02-04 08:56:56', NULL, NULL),
	(2, 'Digital 2D', 0, 1, '2023-02-04 08:57:09', NULL, NULL),
	(3, 'Analog 2D', 0, 1, '2023-02-04 08:57:19', NULL, NULL),
	(4, '3D', 0, 1, '2023-02-04 08:57:24', NULL, NULL);

-- Dumping structure for table app_cancerregistry_staging.m_maritalstatus
CREATE TABLE IF NOT EXISTS `m_maritalstatus` (
  `id` tinyint(4) NOT NULL AUTO_INCREMENT,
  `marital_status` varchar(50) NOT NULL DEFAULT '0',
  `is_obsolete` tinyint(4) NOT NULL DEFAULT '0',
  `created_by` int(11) NOT NULL DEFAULT '1',
  `created_date` datetime NOT NULL DEFAULT CURRENT_TIMESTAMP,
  `updated_by` int(11) DEFAULT NULL,
  `updated_date` datetime DEFAULT NULL,
  PRIMARY KEY (`id`)
) ENGINE=InnoDB AUTO_INCREMENT=6 DEFAULT CHARSET=utf8;

-- Dumping data for table app_cancerregistry_staging.m_maritalstatus: ~5 rows (approximately)
INSERT INTO `m_maritalstatus` (`id`, `marital_status`, `is_obsolete`, `created_by`, `created_date`, `updated_by`, `updated_date`) VALUES
	(1, 'Never Married', 0, 1, '2023-01-08 17:26:47', NULL, NULL),
	(2, 'Maried', 0, 1, '2023-01-08 17:26:56', NULL, NULL),
	(3, 'Divorced', 0, 1, '2023-01-08 17:27:03', NULL, NULL),
	(4, 'Separated', 0, 1, '2023-01-08 17:27:19', NULL, NULL),
	(5, 'Widowed', 0, 1, '2023-02-03 09:32:54', NULL, NULL);

-- Dumping structure for table app_cancerregistry_staging.m_mass_density
CREATE TABLE IF NOT EXISTS `m_mass_density` (
  `id` tinyint(4) NOT NULL AUTO_INCREMENT,
  `density` varchar(150) NOT NULL DEFAULT '',
  `is_obsolete` tinyint(4) NOT NULL DEFAULT '0',
  `created_by` tinyint(4) NOT NULL DEFAULT '1',
  `created_date` datetime NOT NULL DEFAULT CURRENT_TIMESTAMP,
  `updated_by` tinyint(4) DEFAULT NULL,
  `updated_date` datetime DEFAULT NULL,
  PRIMARY KEY (`id`)
) ENGINE=InnoDB AUTO_INCREMENT=5 DEFAULT CHARSET=utf8;

-- Dumping data for table app_cancerregistry_staging.m_mass_density: ~4 rows (approximately)
INSERT INTO `m_mass_density` (`id`, `density`, `is_obsolete`, `created_by`, `created_date`, `updated_by`, `updated_date`) VALUES
	(1, 'High', 0, 1, '2023-02-04 09:10:53', NULL, NULL),
	(2, 'Equal', 0, 1, '2023-02-04 09:11:02', NULL, NULL),
	(3, 'Low', 0, 1, '2023-02-04 09:11:09', NULL, NULL),
	(4, 'Fat-containing', 0, 1, '2023-02-04 09:11:14', NULL, NULL);

-- Dumping structure for table app_cancerregistry_staging.m_mass_margin
CREATE TABLE IF NOT EXISTS `m_mass_margin` (
  `id` tinyint(4) NOT NULL AUTO_INCREMENT,
  `margin` varchar(150) NOT NULL DEFAULT '',
  `is_obsolete` tinyint(4) NOT NULL DEFAULT '0',
  `created_by` tinyint(4) NOT NULL DEFAULT '1',
  `created_date` datetime NOT NULL DEFAULT CURRENT_TIMESTAMP,
  `updated_by` tinyint(4) DEFAULT NULL,
  `updated_date` datetime DEFAULT NULL,
  PRIMARY KEY (`id`)
) ENGINE=InnoDB AUTO_INCREMENT=5 DEFAULT CHARSET=utf8;

-- Dumping data for table app_cancerregistry_staging.m_mass_margin: ~4 rows (approximately)
INSERT INTO `m_mass_margin` (`id`, `margin`, `is_obsolete`, `created_by`, `created_date`, `updated_by`, `updated_date`) VALUES
	(1, 'Circumscribed', 0, 1, '2023-02-04 09:06:58', NULL, NULL),
	(2, 'Obscured', 0, 1, '2023-02-04 09:07:04', NULL, NULL),
	(3, 'Microlobulated', 0, 1, '2023-02-04 09:07:10', NULL, NULL),
	(4, 'Spiculated', 0, 1, '2023-02-04 09:07:15', NULL, NULL);

-- Dumping structure for table app_cancerregistry_staging.m_mass_shape
CREATE TABLE IF NOT EXISTS `m_mass_shape` (
  `id` tinyint(4) NOT NULL AUTO_INCREMENT,
  `shape` varchar(150) NOT NULL DEFAULT '',
  `is_obsolete` tinyint(4) NOT NULL DEFAULT '0',
  `created_by` tinyint(4) NOT NULL DEFAULT '1',
  `created_date` datetime NOT NULL DEFAULT CURRENT_TIMESTAMP,
  `updated_by` tinyint(4) DEFAULT NULL,
  `updated_date` datetime DEFAULT NULL,
  PRIMARY KEY (`id`)
) ENGINE=InnoDB AUTO_INCREMENT=4 DEFAULT CHARSET=utf8;

-- Dumping data for table app_cancerregistry_staging.m_mass_shape: ~3 rows (approximately)
INSERT INTO `m_mass_shape` (`id`, `shape`, `is_obsolete`, `created_by`, `created_date`, `updated_by`, `updated_date`) VALUES
	(1, 'Oval', 0, 1, '2023-02-04 09:02:37', NULL, NULL),
	(2, 'Round', 0, 1, '2023-02-04 09:02:50', NULL, NULL),
	(3, 'Irregular', 0, 1, '2023-02-04 09:02:51', NULL, NULL);

-- Dumping structure for table app_cancerregistry_staging.m_medication
CREATE TABLE IF NOT EXISTS `m_medication` (
  `id` tinyint(4) NOT NULL AUTO_INCREMENT,
  `medication` varchar(150) NOT NULL DEFAULT '',
  `is_obsolete` tinyint(4) NOT NULL,
  `created_by` tinyint(4) NOT NULL DEFAULT '1',
  `created_date` datetime NOT NULL DEFAULT CURRENT_TIMESTAMP,
  `updated_by` tinyint(4) DEFAULT NULL,
  `updated_date` datetime DEFAULT NULL,
  PRIMARY KEY (`id`)
) ENGINE=InnoDB AUTO_INCREMENT=5 DEFAULT CHARSET=utf8;

-- Dumping data for table app_cancerregistry_staging.m_medication: ~4 rows (approximately)
INSERT INTO `m_medication` (`id`, `medication`, `is_obsolete`, `created_by`, `created_date`, `updated_by`, `updated_date`) VALUES
	(1, 'Combined oral contraceptive pill', 0, 1, '2023-02-04 08:29:29', NULL, NULL),
	(2, 'Progestin-only pill', 0, 1, '2023-02-04 08:30:42', NULL, NULL),
	(3, 'Hormone depot injections', 0, 1, '2023-02-04 08:30:57', NULL, NULL),
	(4, 'Hormone replacement therapy', 0, 1, '2023-02-04 08:31:07', NULL, NULL);

-- Dumping structure for table app_cancerregistry_staging.m_menstrual_status
CREATE TABLE IF NOT EXISTS `m_menstrual_status` (
  `id` tinyint(4) NOT NULL AUTO_INCREMENT,
  `menstrual_status` varchar(200) NOT NULL DEFAULT '',
  `is_obsolete` tinyint(4) NOT NULL DEFAULT '0',
  `created_by` tinyint(4) NOT NULL DEFAULT '1',
  `created_date` datetime NOT NULL DEFAULT CURRENT_TIMESTAMP,
  `updated_by` tinyint(4) DEFAULT NULL,
  `updated_date` datetime DEFAULT NULL,
  PRIMARY KEY (`id`)
) ENGINE=InnoDB AUTO_INCREMENT=4 DEFAULT CHARSET=utf8;

-- Dumping data for table app_cancerregistry_staging.m_menstrual_status: ~3 rows (approximately)
INSERT INTO `m_menstrual_status` (`id`, `menstrual_status`, `is_obsolete`, `created_by`, `created_date`, `updated_by`, `updated_date`) VALUES
	(1, 'Premenopausal/still having periods', 0, 1, '2023-02-04 08:38:19', NULL, NULL),
	(2, 'Perimenopausal', 0, 1, '2023-02-04 08:38:46', NULL, NULL),
	(3, 'Postmenopausal', 0, 1, '2023-02-04 08:38:54', NULL, NULL);

-- Dumping structure for table app_cancerregistry_staging.m_menu
CREATE TABLE IF NOT EXISTS `m_menu` (
  `id` int(11) NOT NULL AUTO_INCREMENT,
  `menu_name` varchar(300) NOT NULL DEFAULT '',
  `menu_caption` varchar(500) NOT NULL DEFAULT '',
  `parentmenu_id` int(11) DEFAULT '0',
  `is_obsolete` tinyint(4) NOT NULL DEFAULT '0',
  `created_by` int(11) NOT NULL DEFAULT '1',
  `created_date` datetime NOT NULL DEFAULT CURRENT_TIMESTAMP,
  `updated_by` int(11) DEFAULT NULL,
  `updated_date` datetime DEFAULT NULL,
  PRIMARY KEY (`id`)
) ENGINE=InnoDB AUTO_INCREMENT=10 DEFAULT CHARSET=utf8;

-- Dumping data for table app_cancerregistry_staging.m_menu: ~9 rows (approximately)
INSERT INTO `m_menu` (`id`, `menu_name`, `menu_caption`, `parentmenu_id`, `is_obsolete`, `created_by`, `created_date`, `updated_by`, `updated_date`) VALUES
	(1, 'Admin', 'Admin', 0, 0, 1, '2023-01-08 17:34:36', NULL, NULL),
	(2, 'Users', 'Users', 1, 0, 1, '2023-01-08 17:35:09', NULL, NULL),
	(3, 'Assessments', 'Assessments', 0, 0, 1, '2023-01-08 17:35:28', NULL, NULL),
	(4, 'BreastCancer', 'Breast Cancer', 3, 0, 1, '2023-01-08 17:36:01', NULL, NULL),
	(5, 'LungCancer', 'Lung Cancer', 3, 0, 1, '2023-01-08 17:36:24', NULL, NULL),
	(6, 'ColorectalCancer', 'Colorectal Cancer', 3, 0, 1, '2023-01-08 17:36:39', NULL, NULL),
	(7, 'ProstateCancer', 'Prostate Cancer', 3, 0, 1, '2023-01-08 17:37:00', NULL, NULL),
	(8, 'CervicalCancer', 'Cervical Cancer', 3, 0, 1, '2023-01-08 17:37:13', NULL, NULL),
	(9, 'Reports', 'Reports', 0, 0, 1, '2023-01-09 11:24:58', NULL, NULL);

-- Dumping structure for table app_cancerregistry_staging.m_nationality
CREATE TABLE IF NOT EXISTS `m_nationality` (
  `id` int(11) NOT NULL AUTO_INCREMENT,
  `country_id` int(11) NOT NULL,
  `nationality_name` varchar(100) NOT NULL DEFAULT '',
  `is_obsolete` tinyint(4) NOT NULL DEFAULT '0',
  `created_by` int(11) NOT NULL DEFAULT '0',
  `created_date` datetime NOT NULL DEFAULT CURRENT_TIMESTAMP,
  `updated_by` int(11) DEFAULT NULL,
  `updated_date` datetime DEFAULT NULL,
  PRIMARY KEY (`id`)
) ENGINE=InnoDB AUTO_INCREMENT=2 DEFAULT CHARSET=utf8;

-- Dumping data for table app_cancerregistry_staging.m_nationality: ~0 rows (approximately)
INSERT INTO `m_nationality` (`id`, `country_id`, `nationality_name`, `is_obsolete`, `created_by`, `created_date`, `updated_by`, `updated_date`) VALUES
	(1, 1, 'Malaysian', 0, 1, '2023-01-17 18:07:07', NULL, NULL);

-- Dumping structure for table app_cancerregistry_staging.m_relationship
CREATE TABLE IF NOT EXISTS `m_relationship` (
  `id` tinyint(4) NOT NULL AUTO_INCREMENT,
  `relationship` varchar(200) NOT NULL DEFAULT '0',
  `is_obsolete` tinyint(4) NOT NULL DEFAULT '0',
  `created_by` int(11) NOT NULL DEFAULT '0',
  `created_date` datetime NOT NULL DEFAULT CURRENT_TIMESTAMP,
  `updated_by` int(11) DEFAULT NULL,
  `updated_date` datetime DEFAULT NULL,
  PRIMARY KEY (`id`)
) ENGINE=InnoDB AUTO_INCREMENT=15 DEFAULT CHARSET=utf8;

-- Dumping data for table app_cancerregistry_staging.m_relationship: ~14 rows (approximately)
INSERT INTO `m_relationship` (`id`, `relationship`, `is_obsolete`, `created_by`, `created_date`, `updated_by`, `updated_date`) VALUES
	(1, 'Brother', 0, 1, '2023-01-08 17:20:36', NULL, NULL),
	(2, 'Sister', 0, 1, '2023-01-08 17:20:44', NULL, NULL),
	(3, 'Father', 0, 1, '2023-01-08 17:20:51', NULL, NULL),
	(4, 'Mother', 0, 1, '2023-01-08 17:20:58', NULL, NULL),
	(5, 'Spouse', 0, 1, '2023-01-08 17:21:04', NULL, NULL),
	(6, 'Son', 0, 1, '2023-01-08 17:21:14', NULL, NULL),
	(7, 'Daughter', 0, 1, '2023-01-08 17:21:21', NULL, NULL),
	(8, 'Other', 0, 1, '2023-01-08 17:21:28', NULL, NULL),
	(9, 'Aunt', 0, 0, '2023-02-04 08:43:29', NULL, NULL),
	(10, 'Uncle', 0, 0, '2023-02-04 08:43:44', NULL, NULL),
	(11, 'Grandparent', 0, 0, '2023-02-04 08:44:00', NULL, NULL),
	(12, 'Counsin', 0, 0, '2023-02-04 08:44:07', NULL, NULL),
	(13, 'Niece', 0, 0, '2023-02-04 08:44:17', NULL, NULL),
	(14, 'Nephew', 0, 0, '2023-02-04 08:44:25', NULL, NULL);

-- Dumping structure for table app_cancerregistry_staging.m_roles
CREATE TABLE IF NOT EXISTS `m_roles` (
  `id` int(11) NOT NULL AUTO_INCREMENT,
  `rolecode` varchar(20) NOT NULL DEFAULT '',
  `rolename` varchar(50) NOT NULL DEFAULT '',
  `is_obsolete` tinyint(4) NOT NULL DEFAULT '0',
  `created_by` int(11) NOT NULL DEFAULT '0',
  `created_date` datetime NOT NULL DEFAULT CURRENT_TIMESTAMP,
  `updated_by` int(11) DEFAULT '0',
  `updated_date` datetime DEFAULT NULL,
  PRIMARY KEY (`id`)
) ENGINE=InnoDB AUTO_INCREMENT=6 DEFAULT CHARSET=utf8;

-- Dumping data for table app_cancerregistry_staging.m_roles: ~5 rows (approximately)
INSERT INTO `m_roles` (`id`, `rolecode`, `rolename`, `is_obsolete`, `created_by`, `created_date`, `updated_by`, `updated_date`) VALUES
	(1, 'rootadmin', 'Root Admin', 0, 1, '2023-01-01 01:01:00', 0, '0000-00-00 00:00:00'),
	(2, 'systemadmin', 'System Admin', 0, 1, '2023-01-01 00:00:00', 0, '0000-00-00 00:00:00'),
	(3, 'facilityadmin', 'Facility Admin', 0, 1, '2023-01-01 00:00:00', 0, '0000-00-00 00:00:00'),
	(4, 'medicprac', 'Medical Practitioner', 0, 1, '2023-01-01 00:00:00', 0, '0000-00-00 00:00:00'),
	(5, 'patient', 'Patient', 0, 1, '2023-01-01 01:01:01', 0, '0000-00-00 00:00:00');

-- Dumping structure for table app_cancerregistry_staging.m_role_permissions
CREATE TABLE IF NOT EXISTS `m_role_permissions` (
  `id` int(11) NOT NULL AUTO_INCREMENT,
  `role_id` int(11) DEFAULT NULL,
  `menu_id` int(11) DEFAULT NULL,
  `comments` varchar(255) NOT NULL,
  `is_obsolete` tinyint(4) NOT NULL,
  `created_by` int(11) NOT NULL,
  `created_date` datetime NOT NULL DEFAULT CURRENT_TIMESTAMP,
  `updated_by` int(11) DEFAULT NULL,
  `updated_date` datetime DEFAULT NULL ON UPDATE CURRENT_TIMESTAMP,
  PRIMARY KEY (`id`)
) ENGINE=InnoDB DEFAULT CHARSET=utf8mb4;

-- Dumping data for table app_cancerregistry_staging.m_role_permissions: ~0 rows (approximately)

-- Dumping structure for table app_cancerregistry_staging.m_socioeconomic
CREATE TABLE IF NOT EXISTS `m_socioeconomic` (
  `id` tinyint(4) NOT NULL AUTO_INCREMENT,
  `socio_code` varchar(20) NOT NULL DEFAULT '',
  `socio_tips` varchar(200) NOT NULL DEFAULT '',
  `is_obsolete` tinyint(4) NOT NULL DEFAULT '0',
  `created_by` tinyint(4) NOT NULL DEFAULT '1',
  `created_date` datetime NOT NULL DEFAULT CURRENT_TIMESTAMP,
  `updated_by` tinyint(4) DEFAULT NULL,
  `updated_date` datetime DEFAULT NULL,
  PRIMARY KEY (`id`)
) ENGINE=InnoDB AUTO_INCREMENT=4 DEFAULT CHARSET=utf8;

-- Dumping data for table app_cancerregistry_staging.m_socioeconomic: ~3 rows (approximately)
INSERT INTO `m_socioeconomic` (`id`, `socio_code`, `socio_tips`, `is_obsolete`, `created_by`, `created_date`, `updated_by`, `updated_date`) VALUES
	(1, 'B40', 'B40: Combined household income <RM4,849', 0, 1, '2023-02-03 09:12:24', NULL, NULL),
	(2, 'M40', 'M40: Combined household income <RM10,959', 0, 1, '2023-02-03 09:12:38', NULL, NULL),
	(3, 'T20', 'T20: Combined household income more than RM10, 960 or more', 0, 1, '2023-02-03 09:12:54', NULL, NULL);

-- Dumping structure for table app_cancerregistry_staging.m_state
CREATE TABLE IF NOT EXISTS `m_state` (
  `id` int(11) NOT NULL AUTO_INCREMENT,
  `state` varchar(200) NOT NULL DEFAULT '',
  `country_id` int(11) NOT NULL,
  `is_obsolete` tinyint(4) NOT NULL DEFAULT '0',
  `created_by` int(11) NOT NULL DEFAULT '0',
  `created_date` datetime NOT NULL DEFAULT CURRENT_TIMESTAMP,
  `updated_by` int(11) DEFAULT NULL,
  `updated_date` datetime DEFAULT NULL,
  PRIMARY KEY (`id`)
) ENGINE=InnoDB AUTO_INCREMENT=17 DEFAULT CHARSET=utf8;

-- Dumping data for table app_cancerregistry_staging.m_state: ~16 rows (approximately)
INSERT INTO `m_state` (`id`, `state`, `country_id`, `is_obsolete`, `created_by`, `created_date`, `updated_by`, `updated_date`) VALUES
	(1, 'Perlis', 1, 0, 1, '2023-01-08 17:23:16', NULL, NULL),
	(2, 'Kedah', 1, 0, 1, '2023-01-08 17:23:24', NULL, NULL),
	(3, 'Pulau Pinang', 1, 0, 1, '2023-01-08 17:23:36', NULL, NULL),
	(4, 'Perak', 1, 0, 1, '2023-01-08 17:23:44', NULL, NULL),
	(5, 'Kelantan', 1, 0, 1, '2023-01-08 17:23:54', NULL, NULL),
	(6, 'Terengganu', 1, 0, 1, '2023-01-08 17:24:02', NULL, NULL),
	(7, 'Pahang', 1, 0, 1, '2023-01-08 17:24:08', NULL, NULL),
	(8, 'Johor', 1, 0, 1, '2023-01-08 17:24:30', NULL, NULL),
	(9, 'Selangor', 1, 0, 1, '2023-01-08 17:24:38', NULL, NULL),
	(10, 'WP Kuala Lumpur', 1, 0, 1, '2023-01-08 17:24:51', NULL, NULL),
	(11, 'WP Putrajaya', 1, 0, 1, '2023-01-08 17:24:51', NULL, NULL),
	(12, 'WP Labuan', 1, 0, 1, '2023-01-08 17:25:21', NULL, NULL),
	(13, 'Negeri Sembilan', 1, 0, 1, '2023-01-08 17:25:29', NULL, NULL),
	(14, 'Melaka', 1, 0, 1, '2023-01-08 17:25:43', NULL, NULL),
	(15, 'Sabah', 1, 0, 1, '2023-01-08 17:25:51', NULL, NULL),
	(16, 'Selangor', 1, 0, 1, '2023-01-08 17:25:57', NULL, NULL);

-- Dumping structure for table app_cancerregistry_staging.m_symptoms
CREATE TABLE IF NOT EXISTS `m_symptoms` (
  `id` tinyint(4) NOT NULL AUTO_INCREMENT,
  `symptom` varchar(150) NOT NULL DEFAULT '',
  `is_obsolete` tinyint(4) NOT NULL DEFAULT '0',
  `created_by` tinyint(4) NOT NULL DEFAULT '0',
  `created_date` datetime NOT NULL DEFAULT CURRENT_TIMESTAMP,
  `updated_by` tinyint(4) DEFAULT NULL,
  `updated_date` datetime DEFAULT NULL,
  PRIMARY KEY (`id`)
) ENGINE=InnoDB AUTO_INCREMENT=8 DEFAULT CHARSET=utf8;

-- Dumping data for table app_cancerregistry_staging.m_symptoms: ~7 rows (approximately)
INSERT INTO `m_symptoms` (`id`, `symptom`, `is_obsolete`, `created_by`, `created_date`, `updated_by`, `updated_date`) VALUES
	(1, 'Lump', 0, 1, '2023-02-12 17:32:27', NULL, NULL),
	(2, 'Pain', 0, 1, '2023-02-12 17:32:36', NULL, NULL),
	(3, 'Ulcer or Wound', 0, 1, '2023-02-12 17:32:43', NULL, NULL),
	(4, 'Dimpling', 0, 1, '2023-02-12 17:32:51', NULL, NULL),
	(5, 'Discharge', 0, 1, '2023-02-12 17:32:58', NULL, NULL),
	(6, 'Nipple changes', 0, 1, '2023-02-12 17:33:05', NULL, NULL),
	(7, 'Skin changes', 0, 1, '2023-02-12 17:33:12', NULL, NULL);

-- Dumping structure for table app_cancerregistry_staging.m_users
CREATE TABLE IF NOT EXISTS `m_users` (
  `id` int(11) NOT NULL AUTO_INCREMENT,
  `fname` varchar(50) NOT NULL,
  `mname` varchar(50) DEFAULT NULL,
  `lname` varchar(50) DEFAULT NULL,
  `email` varchar(50) NOT NULL,
  `password` varchar(150) NOT NULL,
  `email_verified` tinyint(4) NOT NULL DEFAULT '0',
  `registration_number` varchar(50) DEFAULT NULL,
  `dob` date DEFAULT NULL,
  `gender_id` tinyint(4) DEFAULT NULL,
  `contact_number` varchar(50) DEFAULT NULL,
  `role_id` int(11) NOT NULL DEFAULT '0',
  `facility_id` int(11) NOT NULL DEFAULT '0',
  `is_approve` tinyint(4) DEFAULT '0',
  `approved_by` tinyint(4) DEFAULT NULL,
  `approved_datetime` datetime DEFAULT NULL,
  `is_obsolete` tinyint(4) DEFAULT '0',
  `obsoleted_by` int(11) DEFAULT NULL,
  `obsoleted_datetime` datetime DEFAULT NULL,
  `created_by` int(11) NOT NULL,
  `created_date` datetime NOT NULL DEFAULT CURRENT_TIMESTAMP,
  `updated_by` int(11) DEFAULT NULL,
  `updated_date` datetime DEFAULT NULL ON UPDATE CURRENT_TIMESTAMP,
  PRIMARY KEY (`id`),
  UNIQUE KEY `email` (`email`)
) ENGINE=InnoDB AUTO_INCREMENT=12 DEFAULT CHARSET=utf8mb4;

-- Dumping data for table app_cancerregistry_staging.m_users: ~11 rows (approximately)
INSERT INTO `m_users` (`id`, `fname`, `mname`, `lname`, `email`, `password`, `email_verified`, `registration_number`, `dob`, `gender_id`, `contact_number`, `role_id`, `facility_id`, `is_approve`, `approved_by`, `approved_datetime`, `is_obsolete`, `obsoleted_by`, `obsoleted_datetime`, `created_by`, `created_date`, `updated_by`, `updated_date`) VALUES
	(1, 'Linda James', '', '', 'lini5656@yahoo.com', 'a4071af970482bbb391382e2e53df972', 0, NULL, '1983-03-09', 2, '0102929378', 5, 0, 0, NULL, NULL, 0, NULL, NULL, 0, '2023-03-02 09:44:43', NULL, '2023-03-13 16:05:02'),
	(2, 'Saima Heidi', '', '', 'saima.collections2012@gmail.com', 'a4071af970482bbb391382e2e53df972', 1, 'AZ90234190X', '2009-02-03', 2, '0109900675', 4, 2, 1, 3, '2023-03-02 10:31:43', 0, NULL, NULL, 0, '2023-03-02 10:14:52', NULL, '2023-03-17 21:38:22'),
	(3, 'System Admin', NULL, NULL, 'nathanji2121@gmail.com', 'a4071af970482bbb391382e2e53df972', 1, NULL, NULL, NULL, NULL, 2, 0, 1, NULL, NULL, 0, NULL, NULL, 0, '2023-03-02 10:17:36', NULL, '2023-03-20 22:51:44'),
	(4, 'Jashaleni', '', '', 'malini@centiumsoft.com', 'a4071af970482bbb391382e2e53df972', 0, '', NULL, 2, '012-90909088', 5, 0, 0, NULL, NULL, 0, NULL, NULL, 0, '2023-03-02 17:39:03', NULL, NULL),
	(5, 'Santi V', '', '', 'santivell2202@gmail.com', 'a4071af970482bbb391382e2e53df972', 0, '', NULL, 2, '010-9900768', 5, 0, 0, NULL, NULL, 0, NULL, NULL, 0, '2023-03-13 15:40:48', NULL, NULL),
	(6, 'System Admin2', NULL, NULL, 'malini@asiankom.com', 'a4071af970482bbb391382e2e53df972', 1, NULL, '2023-03-13', NULL, NULL, 2, 0, 0, NULL, NULL, 0, NULL, NULL, 0, '2023-03-13 15:59:45', NULL, '2023-03-20 22:52:17'),
	(7, 'visva', '', '', 'visva@anteligence.com', 'a4071af970482bbb391382e2e53df972', 1, 'V1234567', NULL, 1, '123456', 4, 3, 1, 3, '2023-03-13 20:52:10', 0, NULL, NULL, 0, '2023-03-13 20:51:09', NULL, '2023-03-13 20:52:10'),
	(8, 'Karthik', '', '', 'karthik@anteligence.com', 'a4071af970482bbb391382e2e53df972', 0, '', NULL, 1, '123456789', 5, 0, 0, NULL, NULL, 0, NULL, NULL, 0, '2023-03-13 21:42:53', NULL, NULL),
	(9, 'visva-patient', '', '', 'karthik@cancer.org.my', 'a4071af970482bbb391382e2e53df972', 0, '', NULL, 1, '12345678', 5, 0, 0, NULL, NULL, 0, NULL, NULL, 0, '2023-03-14 22:46:00', NULL, NULL),
	(10, 'Julian Caesar', '', '', 'saireyshmaenpadmanabhan@gmail.com', 'a4071af970482bbb391382e2e53df972', 0, '', NULL, 1, '0123334445', 5, 0, 0, NULL, NULL, 0, NULL, NULL, 0, '2023-03-19 21:23:06', NULL, NULL),
	(11, 'Lekhasri', '', '', 'leshanipadmanabhan@gmail.com', 'a4071af970482bbb391382e2e53df972', 1, 'ACV-10000001', NULL, 2, '019-9009089', 4, 0, 0, NULL, NULL, 0, NULL, NULL, 0, '2023-03-19 21:26:59', NULL, '2023-03-19 21:27:33');

-- Dumping structure for table app_cancerregistry_staging.m_users_patient
CREATE TABLE IF NOT EXISTS `m_users_patient` (
  `id` bigint(20) NOT NULL AUTO_INCREMENT,
  `user_id` int(11) DEFAULT NULL,
  `patient_referral_id` varchar(50) DEFAULT NULL,
  `id_number` varchar(50) NOT NULL,
  `assessment_counter` bigint(20) NOT NULL DEFAULT '0',
  `email_verified` int(11) NOT NULL DEFAULT '0',
  `nationality_id` int(11) DEFAULT NULL,
  `bloodgroup_id` tinyint(4) DEFAULT NULL,
  `maritalstatus_id` tinyint(4) DEFAULT NULL,
  `socioeconomic_id` tinyint(4) DEFAULT NULL,
  `education_level_id` tinyint(4) DEFAULT NULL,
  `family_history_of_cancer` tinyint(4) DEFAULT NULL,
  `address1` varchar(300) NOT NULL DEFAULT '0',
  `address2` varchar(300) DEFAULT '0',
  `address3` varchar(300) DEFAULT '0',
  `city` varchar(200) DEFAULT NULL,
  `postcode` varchar(20) DEFAULT NULL,
  `state_id` int(11) DEFAULT NULL,
  `country_id` int(11) DEFAULT NULL,
  `home_phone` varchar(100) DEFAULT NULL,
  `mobile_phone` varchar(100) DEFAULT NULL,
  `emergency_contact_name` varchar(300) NOT NULL DEFAULT '0',
  `emergency_contact_relationship_id` tinyint(4) NOT NULL DEFAULT '0',
  `emergency_contact_number` varchar(100) NOT NULL DEFAULT '0',
  `is_obsolete` tinyint(4) NOT NULL DEFAULT '0',
  `created_by` int(11) NOT NULL DEFAULT '1',
  `created_date` datetime NOT NULL DEFAULT CURRENT_TIMESTAMP,
  `updated_by` int(11) DEFAULT NULL,
  `updated_date` datetime DEFAULT NULL,
  PRIMARY KEY (`id`)
) ENGINE=InnoDB AUTO_INCREMENT=7 DEFAULT CHARSET=utf8;

-- Dumping data for table app_cancerregistry_staging.m_users_patient: ~6 rows (approximately)
INSERT INTO `m_users_patient` (`id`, `user_id`, `patient_referral_id`, `id_number`, `assessment_counter`, `email_verified`, `nationality_id`, `bloodgroup_id`, `maritalstatus_id`, `socioeconomic_id`, `education_level_id`, `family_history_of_cancer`, `address1`, `address2`, `address3`, `city`, `postcode`, `state_id`, `country_id`, `home_phone`, `mobile_phone`, `emergency_contact_name`, `emergency_contact_relationship_id`, `emergency_contact_number`, `is_obsolete`, `created_by`, `created_date`, `updated_by`, `updated_date`) VALUES
	(1, 1, 'PN231', '880901106626', 10, 1, 1, 1, 2, 3, 5, 0, 'Taman Juara Gemilang, Seri Kembangan', 'No 21, Jalan 10,', '0', 'Seri Kembangan', '43000', 0, 1, NULL, NULL, '0', 0, '0', 0, 1, '2023-03-02 09:44:43', NULL, NULL),
	(2, 4, 'PN232', '901023-10-9056', 10, 1, 1, NULL, NULL, NULL, NULL, NULL, '0', '0', '0', NULL, NULL, NULL, NULL, NULL, NULL, '0', 0, '0', 0, 1, '2023-03-02 17:39:03', NULL, NULL),
	(3, 5, 'PN233', '601023-10-6578', 0, 1, 1, NULL, NULL, NULL, NULL, NULL, '0', '0', '0', NULL, NULL, NULL, NULL, NULL, NULL, '0', 0, '0', 0, 1, '2023-03-13 15:40:48', NULL, NULL),
	(4, 8, 'PN234', '12345678', 7, 1, 1, NULL, NULL, NULL, NULL, NULL, '0', '0', '0', NULL, NULL, NULL, NULL, NULL, NULL, '0', 0, '0', 0, 1, '2023-03-13 21:42:53', NULL, NULL),
	(5, 9, 'PN235', '1234567', 3, 1, 1, NULL, NULL, NULL, NULL, NULL, '0', '0', '0', NULL, NULL, NULL, NULL, NULL, NULL, '0', 0, '0', 0, 1, '2023-03-14 22:46:00', NULL, NULL),
	(6, 10, 'PN236', '950110-10-4453', 0, 1, 1, NULL, NULL, NULL, NULL, NULL, '0', '0', '0', NULL, NULL, NULL, NULL, NULL, NULL, '0', 0, '0', 0, 1, '2023-03-19 21:23:06', NULL, NULL);

/*!40103 SET TIME_ZONE=IFNULL(@OLD_TIME_ZONE, 'system') */;
/*!40101 SET SQL_MODE=IFNULL(@OLD_SQL_MODE, '') */;
/*!40014 SET FOREIGN_KEY_CHECKS=IFNULL(@OLD_FOREIGN_KEY_CHECKS, 1) */;
/*!40101 SET CHARACTER_SET_CLIENT=@OLD_CHARACTER_SET_CLIENT */;
/*!40111 SET SQL_NOTES=IFNULL(@OLD_SQL_NOTES, 1) */;
